panic-fix-clone-sender,b11ed89-dirty,local,current_thread_interleaving,1,500,3000,20,flat,phase,create,16x1/10000key_1msg/DropValue,75.000,162.500,220.900,667
panic-fix-clone-sender,b11ed89-dirty,local,current_thread_interleaving,1,500,3000,20,flat,phase,drop,16x1/10000key_1msg/DropValue,193.721,210.867,225.421,667
panic-fix-clone-sender,b11ed89-dirty,local,current_thread_interleaving,1,500,3000,20,flat,phase,recv,16x1/10000key_1msg/DropValue,22.754,23.431,26.377,667
panic-fix-clone-sender,b11ed89-dirty,local,current_thread_interleaving,1,500,3000,20,flat,phase,send_no_receivers,16x1/10000key_1msg/DropValue,15.929,16.863,19.200,667
panic-fix-clone-sender,b11ed89-dirty,local,current_thread_interleaving,1,500,3000,20,flat,phase,send_with_receivers/clone_sender,16x1/10000key_1msg/DropValue,60.383,62.292,71.683,667
panic-fix-clone-sender,b11ed89-dirty,local,current_thread_interleaving,1,500,3000,20,flat,phase,send_with_receivers/guard_held,16x1/10000key_1msg/DropValue,55.538,57.371,66.358,667
panic-fix-clone-sender,b11ed89-dirty,local,current_thread_interleaving,1,500,3000,20,flat,phase,subscribe,16x1/10000key_1msg/DropValue,159.067,163.450,176.738,667
panic-fix-clone-sender,b11ed89-dirty,local,current_thread_interleaving,1,500,3000,20,flat,phase,create,16x1/10000key_1msg/String,33.300,50.000,75.000,527
panic-fix-clone-sender,b11ed89-dirty,local,current_thread_interleaving,1,500,3000,20,flat,phase,drop,16x1/10000key_1msg/String,191.408,213.071,228.429,527
panic-fix-clone-sender,b11ed89-dirty,local,current_thread_interleaving,1,500,3000,20,flat,phase,recv,16x1/10000key_1msg/String,54.038,55.048,58.790,527
panic-fix-clone-sender,b11ed89-dirty,local,current_thread_interleaving,1,500,3000,20,flat,phase,send_no_receivers,16x1/10000key_1msg/String,73.737,75.042,81.417,527
panic-fix-clone-sender,b11ed89-dirty,local,current_thread_interleaving,1,500,3000,20,flat,phase,send_with_receivers/clone_sender,16x1/10000key_1msg/String,111.162,113.338,123.050,527
panic-fix-clone-sender,b11ed89-dirty,local,current_thread_interleaving,1,500,3000,20,flat,phase,send_with_receivers/guard_held,16x1/10000key_1msg/String,105.267,107.362,117.158,527
panic-fix-clone-sender,b11ed89-dirty,local,current_thread_interleaving,1,500,3000,20,flat,phase,subscribe,16x1/10000key_1msg/String,158.500,161.512,171.900,527
panic-fix-clone-sender,b11ed89-dirty,local,current_thread_interleaving,1,500,3000,20,flat,phase,create,16x1/10000key_1msg/u64,33.300,45.900,75.000,687
panic-fix-clone-sender,b11ed89-dirty,local,current_thread_interleaving,1,500,3000,20,flat,phase,drop,16x1/10000key_1msg/u64,185.321,206.421,220.854,687
panic-fix-clone-sender,b11ed89-dirty,local,current_thread_interleaving,1,500,3000,20,flat,phase,recv,16x1/10000key_1msg/u64,20.027,20.469,22.910,687
panic-fix-clone-sender,b11ed89-dirty,local,current_thread_interleaving,1,500,3000,20,flat,phase,send_no_receivers,16x1/10000key_1msg/u64,15.192,16.017,17.738,687
panic-fix-clone-sender,b11ed89-dirty,local,current_thread_interleaving,1,500,3000,20,flat,phase,send_with_receivers/clone_sender,16x1/10000key_1msg/u64,59.883,60.996,68.829,687
panic-fix-clone-sender,b11ed89-dirty,local,current_thread_interleaving,1,500,3000,20,flat,phase,send_with_receivers/guard_held,16x1/10000key_1msg/u64,55.300,56.667,64.358,687
panic-fix-clone-sender,b11ed89-dirty,local,current_thread_interleaving,1,500,3000,20,flat,phase,subscribe,16x1/10000key_1msg/u64,158.154,161.771,173.713,687
panic-fix-clone-sender,b11ed89-dirty,local,current_thread_interleaving,1,500,3000,20,flat,phase,create,16x1/1000key_10msg/DropValue,75.000,83.400,108.400,1535
panic-fix-clone-sender,b11ed89-dirty,local,current_thread_interleaving,1,500,3000,20,flat,phase,drop,16x1/1000key_10msg/DropValue,445.042,462.959,518.750,1535
panic-fix-clone-sender,b11ed89-dirty,local,current_thread_interleaving,1,500,3000,20,flat,phase,recv,16x1/1000key_10msg/DropValue,18.706,18.962,20.863,1535
panic-fix-clone-sender,b11ed89-dirty,local,current_thread_interleaving,1,500,3000,20,flat,phase,send_no_receivers,16x1/1000key_10msg/DropValue,12.967,13.963,15.838,1535
panic-fix-clone-sender,b11ed89-dirty,local,current_thread_interleaving,1,500,3000,20,flat,phase,send_with_receivers/clone_sender,16x1/1000key_10msg/DropValue,54.575,58.133,63.596,1535
panic-fix-clone-sender,b11ed89-dirty,local,current_thread_interleaving,1,500,3000,20,flat,phase,send_with_receivers/guard_held,16x1/1000key_10msg/DropValue,49.092,53.163,57.896,1535
panic-fix-clone-sender,b11ed89-dirty,local,current_thread_interleaving,1,500,3000,20,flat,phase,subscribe,16x1/1000key_10msg/DropValue,192.250,198.166,225.667,1535
panic-fix-clone-sender,b11ed89-dirty,local,current_thread_interleaving,1,500,3000,20,flat,phase,create,16x1/1000key_10msg/String,33.300,41.600,79.100,787
panic-fix-clone-sender,b11ed89-dirty,local,current_thread_interleaving,1,500,3000,20,flat,phase,drop,16x1/1000key_10msg/String,433.000,456.209,532.625,787
panic-fix-clone-sender,b11ed89-dirty,local,current_thread_interleaving,1,500,3000,20,flat,phase,recv,16x1/1000key_10msg/String,52.240,53.502,60.706,787
panic-fix-clone-sender,b11ed89-dirty,local,current_thread_interleaving,1,500,3000,20,flat,phase,send_no_receivers,16x1/1000key_10msg/String,70.629,72.146,78.121,787
panic-fix-clone-sender,b11ed89-dirty,local,current_thread_interleaving,1,500,3000,20,flat,phase,send_with_receivers/clone_sender,16x1/1000key_10msg/String,104.533,110.667,127.758,787
panic-fix-clone-sender,b11ed89-dirty,local,current_thread_interleaving,1,500,3000,20,flat,phase,send_with_receivers/guard_held,16x1/1000key_10msg/String,97.967,104.433,123.862,787
panic-fix-clone-sender,b11ed89-dirty,local,current_thread_interleaving,1,500,3000,20,flat,phase,subscribe,16x1/1000key_10msg/String,200.625,209.667,244.459,787
panic-fix-clone-sender,b11ed89-dirty,local,current_thread_interleaving,1,500,3000,20,flat,phase,create,16x1/1000key_10msg/u64,29.100,37.500,70.800,1555
panic-fix-clone-sender,b11ed89-dirty,local,current_thread_interleaving,1,500,3000,20,flat,phase,drop,16x1/1000key_10msg/u64,421.500,443.708,510.083,1555
panic-fix-clone-sender,b11ed89-dirty,local,current_thread_interleaving,1,500,3000,20,flat,phase,recv,16x1/1000key_10msg/u64,16.448,16.692,19.104,1555
panic-fix-clone-sender,b11ed89-dirty,local,current_thread_interleaving,1,500,3000,20,flat,phase,send_no_receivers,16x1/1000key_10msg/u64,12.417,13.371,15.054,1555
panic-fix-clone-sender,b11ed89-dirty,local,current_thread_interleaving,1,500,3000,20,flat,phase,send_with_receivers/clone_sender,16x1/1000key_10msg/u64,54.283,57.704,66.350,1555
panic-fix-clone-sender,b11ed89-dirty,local,current_thread_interleaving,1,500,3000,20,flat,phase,send_with_receivers/guard_held,16x1/1000key_10msg/u64,48.758,52.967,59.771,1555
panic-fix-clone-sender,b11ed89-dirty,local,current_thread_interleaving,1,500,3000,20,flat,phase,subscribe,16x1/1000key_10msg/u64,192.791,198.875,229.500,1555
panic-fix-clone-sender,b11ed89-dirty,local,current_thread_interleaving,1,500,3000,20,flat,phase,create,16x1/100key_100msg/DropValue,37.500,79.200,104.200,2071
panic-fix-clone-sender,b11ed89-dirty,local,current_thread_interleaving,1,500,3000,20,flat,phase,drop,16x1/100key_100msg/DropValue,2357.910,2402.500,3688.330,2071
panic-fix-clone-sender,b11ed89-dirty,local,current_thread_interleaving,1,500,3000,20,flat,phase,recv,16x1/100key_100msg/DropValue,17.465,17.696,26.592,2071
panic-fix-clone-sender,b11ed89-dirty,local,current_thread_interleaving,1,500,3000,20,flat,phase,send_no_receivers,16x1/100key_100msg/DropValue,14.254,17.992,20.446,2071
panic-fix-clone-sender,b11ed89-dirty,local,current_thread_interleaving,1,500,3000,20,flat,phase,send_with_receivers/clone_sender,16x1/100key_100msg/DropValue,48.854,56.062,62.304,2071
panic-fix-clone-sender,b11ed89-dirty,local,current_thread_interleaving,1,500,3000,20,flat,phase,send_with_receivers/guard_held,16x1/100key_100msg/DropValue,43.342,51.092,56.767,2071
panic-fix-clone-sender,b11ed89-dirty,local,current_thread_interleaving,1,500,3000,20,flat,phase,subscribe,16x1/100key_100msg/DropValue,375.840,386.670,482.500,2071
panic-fix-clone-sender,b11ed89-dirty,local,current_thread_interleaving,1,500,3000,20,flat,phase,create,16x1/100key_100msg/String,33.300,41.600,75.000,827
panic-fix-clone-sender,b11ed89-dirty,local,current_thread_interleaving,1,500,3000,20,flat,phase,drop,16x1/100key_100msg/String,2313.340,2385.420,4288.750,827
panic-fix-clone-sender,b11ed89-dirty,local,current_thread_interleaving,1,500,3000,20,flat,phase,recv,16x1/100key_100msg/String,51.444,53.156,72.340,827
panic-fix-clone-sender,b11ed89-dirty,local,current_thread_interleaving,1,500,3000,20,flat,phase,send_no_receivers,16x1/100key_100msg/String,74.562,84.754,94.200,827
panic-fix-clone-sender,b11ed89-dirty,local,current_thread_interleaving,1,500,3000,20,flat,phase,send_with_receivers/clone_sender,16x1/100key_100msg/String,98.017,108.300,119.300,827
panic-fix-clone-sender,b11ed89-dirty,local,current_thread_interleaving,1,500,3000,20,flat,phase,send_with_receivers/guard_held,16x1/100key_100msg/String,91.638,102.608,113.158,827
panic-fix-clone-sender,b11ed89-dirty,local,current_thread_interleaving,1,500,3000,20,flat,phase,subscribe,16x1/100key_100msg/String,465.420,482.500,608.750,827
panic-fix-clone-sender,b11ed89-dirty,local,current_thread_interleaving,1,500,3000,20,flat,phase,create,16x1/100key_100msg/u64,29.200,37.500,54.200,2191
panic-fix-clone-sender,b11ed89-dirty,local,current_thread_interleaving,1,500,3000,20,flat,phase,drop,16x1/100key_100msg/u64,2198.750,2234.160,2888.330,2191
panic-fix-clone-sender,b11ed89-dirty,local,current_thread_interleaving,1,500,3000,20,flat,phase,recv,16x1/100key_100msg/u64,15.525,15.735,24.085,2191
panic-fix-clone-sender,b11ed89-dirty,local,current_thread_interleaving,1,500,3000,20,flat,phase,send_no_receivers,16x1/100key_100msg/u64,12.300,14.704,16.921,2191
panic-fix-clone-sender,b11ed89-dirty,local,current_thread_interleaving,1,500,3000,20,flat,phase,send_with_receivers/clone_sender,16x1/100key_100msg/u64,48.921,55.663,61.929,2191
panic-fix-clone-sender,b11ed89-dirty,local,current_thread_interleaving,1,500,3000,20,flat,phase,send_with_receivers/guard_held,16x1/100key_100msg/u64,42.933,50.779,56.375,2191
panic-fix-clone-sender,b11ed89-dirty,local,current_thread_interleaving,1,500,3000,20,flat,phase,subscribe,16x1/100key_100msg/u64,380.000,390.840,462.500,2191
panic-fix-clone-sender,b11ed89-dirty,local,current_thread_interleaving,1,500,3000,20,flat,phase,create,16x1/10key_1000msg/DropValue,62.500,70.900,104.100,2311
panic-fix-clone-sender,b11ed89-dirty,local,current_thread_interleaving,1,500,3000,20,flat,phase,drop,16x1/10key_1000msg/DropValue,17850.000,17950.000,21916.600,2311
panic-fix-clone-sender,b11ed89-dirty,local,current_thread_interleaving,1,500,3000,20,flat,phase,recv,16x1/10key_1000msg/DropValue,17.298,17.521,26.617,2311
panic-fix-clone-sender,b11ed89-dirty,local,current_thread_interleaving,1,500,3000,20,flat,phase,send_no_receivers,16x1/10key_1000msg/DropValue,11.942,12.583,16.158,2311
panic-fix-clone-sender,b11ed89-dirty,local,current_thread_interleaving,1,500,3000,20,flat,phase,send_with_receivers/clone_sender,16x1/10key_1000msg/DropValue,46.246,54.692,58.975,2311
panic-fix-clone-sender,b11ed89-dirty,local,current_thread_interleaving,1,500,3000,20,flat,phase,send_with_receivers/guard_held,16x1/10key_1000msg/DropValue,39.921,49.712,53.742,2311
panic-fix-clone-sender,b11ed89-dirty,local,current_thread_interleaving,1,500,3000,20,flat,phase,subscribe,16x1/10key_1000msg/DropValue,1912.500,1991.600,2391.700,2311
panic-fix-clone-sender,b11ed89-dirty,local,current_thread_interleaving,1,500,3000,20,flat,phase,create,16x1/10key_1000msg/String,33.300,37.500,62.500,867
panic-fix-clone-sender,b11ed89-dirty,local,current_thread_interleaving,1,500,3000,20,flat,phase,drop,16x1/10key_1000msg/String,17533.300,17633.300,21945.800,867
panic-fix-clone-sender,b11ed89-dirty,local,current_thread_interleaving,1,500,3000,20,flat,phase,recv,16x1/10key_1000msg/String,50.906,52.042,59.931,867
panic-fix-clone-sender,b11ed89-dirty,local,current_thread_interleaving,1,500,3000,20,flat,phase,send_no_receivers,16x1/10key_1000msg/String,69.258,71.396,78.800,867
panic-fix-clone-sender,b11ed89-dirty,local,current_thread_interleaving,1,500,3000,20,flat,phase,send_with_receivers/clone_sender,16x1/10key_1000msg/String,94.558,105.371,117.883,867
panic-fix-clone-sender,b11ed89-dirty,local,current_thread_interleaving,1,500,3000,20,flat,phase,send_with_receivers/guard_held,16x1/10key_1000msg/String,87.950,101.817,107.671,867
panic-fix-clone-sender,b11ed89-dirty,local,current_thread_interleaving,1,500,3000,20,flat,phase,subscribe,16x1/10key_1000msg/String,2708.300,2766.600,3141.700,867
panic-fix-clone-sender,b11ed89-dirty,local,current_thread_interleaving,1,500,3000,20,flat,phase,create,16x1/10key_1000msg/u64,29.100,33.400,54.100,2391
panic-fix-clone-sender,b11ed89-dirty,local,current_thread_interleaving,1,500,3000,20,flat,phase,drop,16x1/10key_1000msg/u64,16591.700,16662.500,18533.300,2391
panic-fix-clone-sender,b11ed89-dirty,local,current_thread_interleaving,1,500,3000,20,flat,phase,recv,16x1/10key_1000msg/u64,15.408,15.542,17.535,2391
panic-fix-clone-sender,b11ed89-dirty,local,current_thread_interleaving,1,500,3000,20,flat,phase,send_no_receivers,16x1/10key_1000msg/u64,11.171,11.754,14.904,2391
panic-fix-clone-sender,b11ed89-dirty,local,current_thread_interleaving,1,500,3000,20,flat,phase,send_with_receivers/clone_sender,16x1/10key_1000msg/u64,46.325,54.204,57.517,2391
panic-fix-clone-sender,b11ed89-dirty,local,current_thread_interleaving,1,500,3000,20,flat,phase,send_with_receivers/guard_held,16x1/10key_1000msg/u64,39.925,49.258,52.971,2391
panic-fix-clone-sender,b11ed89-dirty,local,current_thread_interleaving,1,500,3000,20,flat,phase,subscribe,16x1/10key_1000msg/u64,1970.800,2004.100,2312.500,2391
panic-fix-clone-sender,b11ed89-dirty,local,current_thread_interleaving,1,500,3000,20,flat,phase,create,16x1/1key_10000msg/DropValue,33.400,95.800,133.400,2131
panic-fix-clone-sender,b11ed89-dirty,local,current_thread_interleaving,1,500,3000,20,flat,phase,drop,16x1/1key_10000msg/DropValue,281666.000,284583.000,314167.000,2131
panic-fix-clone-sender,b11ed89-dirty,local,current_thread_interleaving,1,500,3000,20,flat,phase,recv,16x1/1key_10000msg/DropValue,17.221,17.444,19.098,2131
panic-fix-clone-sender,b11ed89-dirty,local,current_thread_interleaving,1,500,3000,20,flat,phase,send_no_receivers,16x1/1key_10000msg/DropValue,11.925,12.000,13.533,2131
panic-fix-clone-sender,b11ed89-dirty,local,current_thread_interleaving,1,500,3000,20,flat,phase,send_with_receivers/clone_sender,16x1/1key_10000msg/DropValue,51.050,54.983,59.650,2131
panic-fix-clone-sender,b11ed89-dirty,local,current_thread_interleaving,1,500,3000,20,flat,phase,send_with_receivers/guard_held,16x1/1key_10000msg/DropValue,45.354,49.304,53.642,2131
panic-fix-clone-sender,b11ed89-dirty,local,current_thread_interleaving,1,500,3000,20,flat,phase,subscribe,16x1/1key_10000msg/DropValue,27292.000,28458.000,33042.000,2131
panic-fix-clone-sender,b11ed89-dirty,local,current_thread_interleaving,1,500,3000,20,flat,phase,create,16x1/1key_10000msg/String,33.300,41.600,79.200,867
panic-fix-clone-sender,b11ed89-dirty,local,current_thread_interleaving,1,500,3000,20,flat,phase,drop,16x1/1key_10000msg/String,276625.000,280917.000,322625.000,867
panic-fix-clone-sender,b11ed89-dirty,local,current_thread_interleaving,1,500,3000,20,flat,phase,recv,16x1/1key_10000msg/String,50.844,52.577,56.758,867
panic-fix-clone-sender,b11ed89-dirty,local,current_thread_interleaving,1,500,3000,20,flat,phase,send_no_receivers,16x1/1key_10000msg/String,69.304,70.013,75.558,867
panic-fix-clone-sender,b11ed89-dirty,local,current_thread_interleaving,1,500,3000,20,flat,phase,send_with_receivers/clone_sender,16x1/1key_10000msg/String,100.829,105.287,114.667,867
panic-fix-clone-sender,b11ed89-dirty,local,current_thread_interleaving,1,500,3000,20,flat,phase,send_with_receivers/guard_held,16x1/1key_10000msg/String,94.921,100.221,108.375,867
panic-fix-clone-sender,b11ed89-dirty,local,current_thread_interleaving,1,500,3000,20,flat,phase,subscribe,16x1/1key_10000msg/String,39750.000,40875.000,48583.000,867
panic-fix-clone-sender,b11ed89-dirty,local,current_thread_interleaving,1,500,3000,20,flat,phase,create,16x1/1key_10000msg/u64,29.200,33.400,54.200,2251
panic-fix-clone-sender,b11ed89-dirty,local,current_thread_interleaving,1,500,3000,20,flat,phase,drop,16x1/1key_10000msg/u64,261416.000,262250.000,284250.000,2251
panic-fix-clone-sender,b11ed89-dirty,local,current_thread_interleaving,1,500,3000,20,flat,phase,recv,16x1/1key_10000msg/u64,15.338,15.483,16.723,2251
panic-fix-clone-sender,b11ed89-dirty,local,current_thread_interleaving,1,500,3000,20,flat,phase,send_no_receivers,16x1/1key_10000msg/u64,11.162,11.488,12.338,2251
panic-fix-clone-sender,b11ed89-dirty,local,current_thread_interleaving,1,500,3000,20,flat,phase,send_with_receivers/clone_sender,16x1/1key_10000msg/u64,50.621,53.612,56.712,2251
panic-fix-clone-sender,b11ed89-dirty,local,current_thread_interleaving,1,500,3000,20,flat,phase,send_with_receivers/guard_held,16x1/1key_10000msg/u64,45.237,48.842,51.567,2251
panic-fix-clone-sender,b11ed89-dirty,local,current_thread_interleaving,1,500,3000,20,flat,phase,subscribe,16x1/1key_10000msg/u64,27917.000,29042.000,32459.000,2251
panic-fix-clone-sender,b11ed89-dirty,local,current_thread_interleaving,1,500,3000,20,flat,phase,create,1x1/10000key_1msg/DropValue,100.000,150.000,208.300,667
panic-fix-clone-sender,b11ed89-dirty,local,current_thread_interleaving,1,500,3000,20,flat,phase,drop,1x1/10000key_1msg/DropValue,187.542,207.492,218.729,667
panic-fix-clone-sender,b11ed89-dirty,local,current_thread_interleaving,1,500,3000,20,flat,phase,recv,1x1/10000key_1msg/DropValue,22.598,23.110,25.371,667
panic-fix-clone-sender,b11ed89-dirty,local,current_thread_interleaving,1,500,3000,20,flat,phase,send_no_receivers,1x1/10000key_1msg/DropValue,15.775,16.721,18.038,667
panic-fix-clone-sender,b11ed89-dirty,local,current_thread_interleaving,1,500,3000,20,flat,phase,send_with_receivers/clone_sender,1x1/10000key_1msg/DropValue,60.413,61.258,67.650,667
panic-fix-clone-sender,b11ed89-dirty,local,current_thread_interleaving,1,500,3000,20,flat,phase,send_with_receivers/guard_held,1x1/10000key_1msg/DropValue,55.829,56.667,63.288,667
panic-fix-clone-sender,b11ed89-dirty,local,current_thread_interleaving,1,500,3000,20,flat,phase,subscribe,1x1/10000key_1msg/DropValue,158.675,161.042,170.842,667
panic-fix-clone-sender,b11ed89-dirty,local,current_thread_interleaving,1,500,3000,20,flat,phase,create,1x1/10000key_1msg/String,33.300,45.800,75.000,527
panic-fix-clone-sender,b11ed89-dirty,local,current_thread_interleaving,1,500,3000,20,flat,phase,drop,1x1/10000key_1msg/String,191.092,203.913,225.425,527
panic-fix-clone-sender,b11ed89-dirty,local,current_thread_interleaving,1,500,3000,20,flat,phase,recv,1x1/10000key_1msg/String,53.933,54.521,58.360,527
panic-fix-clone-sender,b11ed89-dirty,local,current_thread_interleaving,1,500,3000,20,flat,phase,send_no_receivers,1x1/10000key_1msg/String,73.571,74.750,80.150,527
panic-fix-clone-sender,b11ed89-dirty,local,current_thread_interleaving,1,500,3000,20,flat,phase,send_with_receivers/clone_sender,1x1/10000key_1msg/String,113.308,114.933,124.767,527
panic-fix-clone-sender,b11ed89-dirty,local,current_thread_interleaving,1,500,3000,20,flat,phase,send_with_receivers/guard_held,1x1/10000key_1msg/String,105.817,107.329,118.513,527
panic-fix-clone-sender,b11ed89-dirty,local,current_thread_interleaving,1,500,3000,20,flat,phase,subscribe,1x1/10000key_1msg/String,157.742,160.229,170.921,527
panic-fix-clone-sender,b11ed89-dirty,local,current_thread_interleaving,1,500,3000,20,flat,phase,create,1x1/10000key_1msg/u64,29.200,41.700,79.100,687
panic-fix-clone-sender,b11ed89-dirty,local,current_thread_interleaving,1,500,3000,20,flat,phase,drop,1x1/10000key_1msg/u64,182.654,204.546,218.488,687
panic-fix-clone-sender,b11ed89-dirty,local,current_thread_interleaving,1,500,3000,20,flat,phase,recv,1x1/10000key_1msg/u64,19.969,20.319,22.931,687
panic-fix-clone-sender,b11ed89-dirty,local,current_thread_interleaving,1,500,3000,20,flat,phase,send_no_receivers,1x1/10000key_1msg/u64,14.896,15.883,17.562,687
panic-fix-clone-sender,b11ed89-dirty,local,current_thread_interleaving,1,500,3000,20,flat,phase,send_with_receivers/clone_sender,1x1/10000key_1msg/u64,59.842,60.767,68.217,687
panic-fix-clone-sender,b11ed89-dirty,local,current_thread_interleaving,1,500,3000,20,flat,phase,send_with_receivers/guard_held,1x1/10000key_1msg/u64,55.337,56.692,64.246,687
panic-fix-clone-sender,b11ed89-dirty,local,current_thread_interleaving,1,500,3000,20,flat,phase,subscribe,1x1/10000key_1msg/u64,158.012,160.787,171.017,687
panic-fix-clone-sender,b11ed89-dirty,local,current_thread_interleaving,1,500,3000,20,flat,phase,create,1x1/1000key_10msg/DropValue,54.200,83.400,120.800,1555
panic-fix-clone-sender,b11ed89-dirty,local,current_thread_interleaving,1,500,3000,20,flat,phase,drop,1x1/1000key_10msg/DropValue,440.958,461.166,519.750,1555
panic-fix-clone-sender,b11ed89-dirty,local,current_thread_interleaving,1,500,3000,20,flat,phase,recv,1x1/1000key_10msg/DropValue,18.673,18.865,21.031,1555
panic-fix-clone-sender,b11ed89-dirty,local,current_thread_interleaving,1,500,3000,20,flat,phase,send_no_receivers,1x1/1000key_10msg/DropValue,12.921,13.933,15.221,1555
panic-fix-clone-sender,b11ed89-dirty,local,current_thread_interleaving,1,500,3000,20,flat,phase,send_with_receivers/clone_sender,1x1/1000key_10msg/DropValue,54.492,58.000,64.371,1555
panic-fix-clone-sender,b11ed89-dirty,local,current_thread_interleaving,1,500,3000,20,flat,phase,send_with_receivers/guard_held,1x1/1000key_10msg/DropValue,48.875,53.133,58.233,1555
panic-fix-clone-sender,b11ed89-dirty,local,current_thread_interleaving,1,500,3000,20,flat,phase,subscribe,1x1/1000key_10msg/DropValue,190.500,197.375,222.750,1555
panic-fix-clone-sender,b11ed89-dirty,local,current_thread_interleaving,1,500,3000,20,flat,phase,create,1x1/1000key_10msg/String,33.300,41.700,75.000,767
panic-fix-clone-sender,b11ed89-dirty,local,current_thread_interleaving,1,500,3000,20,flat,phase,drop,1x1/1000key_10msg/String,431.667,445.750,514.708,767
panic-fix-clone-sender,b11ed89-dirty,local,current_thread_interleaving,1,500,3000,20,flat,phase,recv,1x1/1000key_10msg/String,52.215,53.042,58.929,767
panic-fix-clone-sender,b11ed89-dirty,local,current_thread_interleaving,1,500,3000,20,flat,phase,send_no_receivers,1x1/1000key_10msg/String,70.475,72.062,77.129,767
panic-fix-clone-sender,b11ed89-dirty,local,current_thread_interleaving,1,500,3000,20,flat,phase,send_with_receivers/clone_sender,1x1/1000key_10msg/String,106.092,113.446,123.537,767
panic-fix-clone-sender,b11ed89-dirty,local,current_thread_interleaving,1,500,3000,20,flat,phase,send_with_receivers/guard_held,1x1/1000key_10msg/String,98.500,105.479,114.292,767
panic-fix-clone-sender,b11ed89-dirty,local,current_thread_interleaving,1,500,3000,20,flat,phase,subscribe,1x1/1000key_10msg/String,199.542,206.125,234.000,767
panic-fix-clone-sender,b11ed89-dirty,local,current_thread_interleaving,1,500,3000,20,flat,phase,create,1x1/1000key_10msg/u64,29.100,37.500,70.900,1435
panic-fix-clone-sender,b11ed89-dirty,local,current_thread_interleaving,1,500,3000,20,flat,phase,drop,1x1/1000key_10msg/u64,417.084,443.375,510.041,1435
panic-fix-clone-sender,b11ed89-dirty,local,current_thread_interleaving,1,500,3000,20,flat,phase,recv,1x1/1000key_10msg/u64,15.929,16.729,19.098,1435
panic-fix-clone-sender,b11ed89-dirty,local,current_thread_interleaving,1,500,3000,20,flat,phase,send_no_receivers,1x1/1000key_10msg/u64,12.213,13.417,15.042,1435
panic-fix-clone-sender,b11ed89-dirty,local,current_thread_interleaving,1,500,3000,20,flat,phase,send_with_receivers/clone_sender,1x1/1000key_10msg/u64,54.354,58.142,69.158,1435
panic-fix-clone-sender,b11ed89-dirty,local,current_thread_interleaving,1,500,3000,20,flat,phase,send_with_receivers/guard_held,1x1/1000key_10msg/u64,48.725,53.550,60.833,1435
panic-fix-clone-sender,b11ed89-dirty,local,current_thread_interleaving,1,500,3000,20,flat,phase,subscribe,1x1/1000key_10msg/u64,190.500,198.875,230.916,1435
panic-fix-clone-sender,b11ed89-dirty,local,current_thread_interleaving,1,500,3000,20,flat,phase,create,1x1/100key_100msg/DropValue,50.000,79.200,104.200,2131
panic-fix-clone-sender,b11ed89-dirty,local,current_thread_interleaving,1,500,3000,20,flat,phase,drop,1x1/100key_100msg/DropValue,2356.670,2399.580,3120.410,2131
panic-fix-clone-sender,b11ed89-dirty,local,current_thread_interleaving,1,500,3000,20,flat,phase,recv,1x1/100key_100msg/DropValue,17.462,17.719,24.056,2131
panic-fix-clone-sender,b11ed89-dirty,local,current_thread_interleaving,1,500,3000,20,flat,phase,send_no_receivers,1x1/100key_100msg/DropValue,13.463,17.954,20.450,2131
panic-fix-clone-sender,b11ed89-dirty,local,current_thread_interleaving,1,500,3000,20,flat,phase,send_with_receivers/clone_sender,1x1/100key_100msg/DropValue,48.783,56.013,61.825,2131
panic-fix-clone-sender,b11ed89-dirty,local,current_thread_interleaving,1,500,3000,20,flat,phase,send_with_receivers/guard_held,1x1/100key_100msg/DropValue,43.329,51.171,57.000,2131
panic-fix-clone-sender,b11ed89-dirty,local,current_thread_interleaving,1,500,3000,20,flat,phase,subscribe,1x1/100key_100msg/DropValue,373.750,385.410,458.750,2131
panic-fix-clone-sender,b11ed89-dirty,local,current_thread_interleaving,1,500,3000,20,flat,phase,create,1x1/100key_100msg/String,29.100,37.500,58.300,807
panic-fix-clone-sender,b11ed89-dirty,local,current_thread_interleaving,1,500,3000,20,flat,phase,drop,1x1/100key_100msg/String,2314.160,2340.420,2609.170,807
panic-fix-clone-sender,b11ed89-dirty,local,current_thread_interleaving,1,500,3000,20,flat,phase,recv,1x1/100key_100msg/String,51.385,52.448,55.815,807
panic-fix-clone-sender,b11ed89-dirty,local,current_thread_interleaving,1,500,3000,20,flat,phase,send_no_receivers,1x1/100key_100msg/String,74.179,83.896,94.496,807
panic-fix-clone-sender,b11ed89-dirty,local,current_thread_interleaving,1,500,3000,20,flat,phase,send_with_receivers/clone_sender,1x1/100key_100msg/String,98.733,109.508,116.963,807
panic-fix-clone-sender,b11ed89-dirty,local,current_thread_interleaving,1,500,3000,20,flat,phase,send_with_receivers/guard_held,1x1/100key_100msg/String,91.629,102.154,109.017,807
panic-fix-clone-sender,b11ed89-dirty,local,current_thread_interleaving,1,500,3000,20,flat,phase,subscribe,1x1/100key_100msg/String,464.580,472.910,531.250,807
panic-fix-clone-sender,b11ed89-dirty,local,current_thread_interleaving,1,500,3000,20,flat,phase,create,1x1/100key_100msg/u64,29.200,33.400,50.000,2211
panic-fix-clone-sender,b11ed89-dirty,local,current_thread_interleaving,1,500,3000,20,flat,phase,drop,1x1/100key_100msg/u64,2195.830,2222.920,2458.750,2211
panic-fix-clone-sender,b11ed89-dirty,local,current_thread_interleaving,1,500,3000,20,flat,phase,recv,1x1/100key_100msg/u64,15.519,15.677,17.025,2211
panic-fix-clone-sender,b11ed89-dirty,local,current_thread_interleaving,1,500,3000,20,flat,phase,send_no_receivers,1x1/100key_100msg/u64,11.917,14.433,16.492,2211
panic-fix-clone-sender,b11ed89-dirty,local,current_thread_interleaving,1,500,3000,20,flat,phase,send_with_receivers/clone_sender,1x1/100key_100msg/u64,48.688,55.171,60.171,2211
panic-fix-clone-sender,b11ed89-dirty,local,current_thread_interleaving,1,500,3000,20,flat,phase,send_with_receivers/guard_held,1x1/100key_100msg/u64,43.062,50.729,55.442,2211
panic-fix-clone-sender,b11ed89-dirty,local,current_thread_interleaving,1,500,3000,20,flat,phase,subscribe,1x1/100key_100msg/u64,376.670,387.500,425.840,2211
panic-fix-clone-sender,b11ed89-dirty,local,current_thread_interleaving,1,500,3000,20,flat,phase,create,1x1/10key_1000msg/DropValue,37.500,70.800,91.700,2231
panic-fix-clone-sender,b11ed89-dirty,local,current_thread_interleaving,1,500,3000,20,flat,phase,drop,1x1/10key_1000msg/DropValue,17845.900,17929.100,20970.800,2231
panic-fix-clone-sender,b11ed89-dirty,local,current_thread_interleaving,1,500,3000,20,flat,phase,recv,1x1/10key_1000msg/DropValue,17.292,17.521,20.619,2231
panic-fix-clone-sender,b11ed89-dirty,local,current_thread_interleaving,1,500,3000,20,flat,phase,send_no_receivers,1x1/10key_1000msg/DropValue,11.787,12.425,16.021,2231
panic-fix-clone-sender,b11ed89-dirty,local,current_thread_interleaving,1,500,3000,20,flat,phase,send_with_receivers/clone_sender,1x1/10key_1000msg/DropValue,46.208,54.767,58.729,2231
panic-fix-clone-sender,b11ed89-dirty,local,current_thread_interleaving,1,500,3000,20,flat,phase,send_with_receivers/guard_held,1x1/10key_1000msg/DropValue,40.004,49.779,53.729,2231
panic-fix-clone-sender,b11ed89-dirty,local,current_thread_interleaving,1,500,3000,20,flat,phase,subscribe,1x1/10key_1000msg/DropValue,1908.300,1983.300,2254.100,2231
panic-fix-clone-sender,b11ed89-dirty,local,current_thread_interleaving,1,500,3000,20,flat,phase,create,1x1/10key_1000msg/String,29.200,37.500,75.000,847
panic-fix-clone-sender,b11ed89-dirty,local,current_thread_interleaving,1,500,3000,20,flat,phase,drop,1x1/10key_1000msg/String,17529.200,17733.300,41216.600,847
panic-fix-clone-sender,b11ed89-dirty,local,current_thread_interleaving,1,500,3000,20,flat,phase,recv,1x1/10key_1000msg/String,50.937,52.538,72.200,847
panic-fix-clone-sender,b11ed89-dirty,local,current_thread_interleaving,1,500,3000,20,flat,phase,send_no_receivers,1x1/10key_1000msg/String,69.225,72.567,79.529,847
panic-fix-clone-sender,b11ed89-dirty,local,current_thread_interleaving,1,500,3000,20,flat,phase,send_with_receivers/clone_sender,1x1/10key_1000msg/String,94.550,109.321,122.492,847
panic-fix-clone-sender,b11ed89-dirty,local,current_thread_interleaving,1,500,3000,20,flat,phase,send_with_receivers/guard_held,1x1/10key_1000msg/String,87.833,101.692,110.013,847
panic-fix-clone-sender,b11ed89-dirty,local,current_thread_interleaving,1,500,3000,20,flat,phase,subscribe,1x1/10key_1000msg/String,2712.500,2775.000,3237.500,847
panic-fix-clone-sender,b11ed89-dirty,local,current_thread_interleaving,1,500,3000,20,flat,phase,create,1x1/10key_1000msg/u64,29.100,37.500,62.500,2331
panic-fix-clone-sender,b11ed89-dirty,local,current_thread_interleaving,1,500,3000,20,flat,phase,drop,1x1/10key_1000msg/u64,16575.000,16675.000,19466.600,2331
panic-fix-clone-sender,b11ed89-dirty,local,current_thread_interleaving,1,500,3000,20,flat,phase,recv,1x1/10key_1000msg/u64,15.402,15.602,21.015,2331
panic-fix-clone-sender,b11ed89-dirty,local,current_thread_interleaving,1,500,3000,20,flat,phase,send_no_receivers,1x1/10key_1000msg/u64,11.033,11.746,15.067,2331
panic-fix-clone-sender,b11ed89-dirty,local,current_thread_interleaving,1,500,3000,20,flat,phase,send_with_receivers/clone_sender,1x1/10key_1000msg/u64,46.212,54.158,59.242,2331
panic-fix-clone-sender,b11ed89-dirty,local,current_thread_interleaving,1,500,3000,20,flat,phase,send_with_receivers/guard_held,1x1/10key_1000msg/u64,40.013,49.554,53.904,2331
panic-fix-clone-sender,b11ed89-dirty,local,current_thread_interleaving,1,500,3000,20,flat,phase,subscribe,1x1/10key_1000msg/u64,1966.600,2008.400,2387.500,2331
panic-fix-clone-sender,b11ed89-dirty,local,current_thread_interleaving,1,500,3000,20,flat,phase,create,1x1/1key_10000msg/DropValue,87.500,95.800,116.700,2151
panic-fix-clone-sender,b11ed89-dirty,local,current_thread_interleaving,1,500,3000,20,flat,phase,drop,1x1/1key_10000msg/DropValue,281625.000,283750.000,307916.000,2151
panic-fix-clone-sender,b11ed89-dirty,local,current_thread_interleaving,1,500,3000,20,flat,phase,recv,1x1/1key_10000msg/DropValue,17.208,17.435,18.740,2151
panic-fix-clone-sender,b11ed89-dirty,local,current_thread_interleaving,1,500,3000,20,flat,phase,send_no_receivers,1x1/1key_10000msg/DropValue,11.717,12.004,13.312,2151
panic-fix-clone-sender,b11ed89-dirty,local,current_thread_interleaving,1,500,3000,20,flat,phase,send_with_receivers/clone_sender,1x1/1key_10000msg/DropValue,50.958,54.304,58.279,2151
panic-fix-clone-sender,b11ed89-dirty,local,current_thread_interleaving,1,500,3000,20,flat,phase,send_with_receivers/guard_held,1x1/1key_10000msg/DropValue,45.346,49.171,52.862,2151
panic-fix-clone-sender,b11ed89-dirty,local,current_thread_interleaving,1,500,3000,20,flat,phase,subscribe,1x1/1key_10000msg/DropValue,27292.000,28417.000,31958.000,2151
panic-fix-clone-sender,b11ed89-dirty,local,current_thread_interleaving,1,500,3000,20,flat,phase,create,1x1/1key_10000msg/String,29.200,45.800,87.500,807
panic-fix-clone-sender,b11ed89-dirty,local,current_thread_interleaving,1,500,3000,20,flat,phase,drop,1x1/1key_10000msg/String,276709.000,287875.000,320459.000,807
panic-fix-clone-sender,b11ed89-dirty,local,current_thread_interleaving,1,500,3000,20,flat,phase,recv,1x1/1key_10000msg/String,53.983,56.650,61.025,807
panic-fix-clone-sender,b11ed89-dirty,local,current_thread_interleaving,1,500,3000,20,flat,phase,send_no_receivers,1x1/1key_10000msg/String,69.287,71.983,78.500,807
panic-fix-clone-sender,b11ed89-dirty,local,current_thread_interleaving,1,500,3000,20,flat,phase,send_with_receivers/clone_sender,1x1/1key_10000msg/String,102.004,122.146,135.033,807
panic-fix-clone-sender,b11ed89-dirty,local,current_thread_interleaving,1,500,3000,20,flat,phase,send_with_receivers/guard_held,1x1/1key_10000msg/String,95.583,105.183,115.179,807
panic-fix-clone-sender,b11ed89-dirty,local,current_thread_interleaving,1,500,3000,20,flat,phase,subscribe,1x1/1key_10000msg/String,39834.000,42125.000,49750.000,807
panic-fix-clone-sender,b11ed89-dirty,local,current_thread_interleaving,1,500,3000,20,flat,phase,create,1x1/1key_10000msg/u64,29.100,33.400,62.500,1675
panic-fix-clone-sender,b11ed89-dirty,local,current_thread_interleaving,1,500,3000,20,flat,phase,drop,1x1/1key_10000msg/u64,261458.000,265125.000,294500.000,1675
panic-fix-clone-sender,b11ed89-dirty,local,current_thread_interleaving,1,500,3000,20,flat,phase,recv,1x1/1key_10000msg/u64,15.319,15.673,17.258,1675
panic-fix-clone-sender,b11ed89-dirty,local,current_thread_interleaving,1,500,3000,20,flat,phase,send_no_receivers,1x1/1key_10000msg/u64,11.058,11.537,12.804,1675
panic-fix-clone-sender,b11ed89-dirty,local,current_thread_interleaving,1,500,3000,20,flat,phase,send_with_receivers/clone_sender,1x1/1key_10000msg/u64,50.858,54.375,78.454,1675
panic-fix-clone-sender,b11ed89-dirty,local,current_thread_interleaving,1,500,3000,20,flat,phase,send_with_receivers/guard_held,1x1/1key_10000msg/u64,45.483,49.917,73.746,1675
panic-fix-clone-sender,b11ed89-dirty,local,current_thread_interleaving,1,500,3000,20,flat,phase,subscribe,1x1/1key_10000msg/u64,27959.000,29125.000,33709.000,1675
panic-fix-clone-sender,b11ed89-dirty,local,current_thread_interleaving,1,500,3000,20,flat,phase,create,1x16/10000key_1msg/DropValue,150.000,191.700,391.600,191
panic-fix-clone-sender,b11ed89-dirty,local,current_thread_interleaving,1,500,3000,20,flat,phase,drop,1x16/10000key_1msg/DropValue,42.914,44.846,46.423,191
panic-fix-clone-sender,b11ed89-dirty,local,current_thread_interleaving,1,500,3000,20,flat,phase,recv,1x16/10000key_1msg/DropValue,18.101,18.827,19.631,191
panic-fix-clone-sender,b11ed89-dirty,local,current_thread_interleaving,1,500,3000,20,flat,phase,send_no_receivers,1x16/10000key_1msg/DropValue,16.442,17.883,23.321,191
panic-fix-clone-sender,b11ed89-dirty,local,current_thread_interleaving,1,500,3000,20,flat,phase,send_with_receivers/clone_sender,1x16/10000key_1msg/DropValue,61.288,66.275,79.237,191
panic-fix-clone-sender,b11ed89-dirty,local,current_thread_interleaving,1,500,3000,20,flat,phase,send_with_receivers/guard_held,1x16/10000key_1msg/DropValue,56.767,61.829,72.079,191
panic-fix-clone-sender,b11ed89-dirty,local,current_thread_interleaving,1,500,3000,20,flat,phase,subscribe,1x16/10000key_1msg/DropValue,32.489,34.658,36.198,191
panic-fix-clone-sender,b11ed89-dirty,local,current_thread_interleaving,1,500,3000,20,flat,phase,create,1x16/10000key_1msg/String,37.500,70.900,112.500,131
panic-fix-clone-sender,b11ed89-dirty,local,current_thread_interleaving,1,500,3000,20,flat,phase,drop,1x16/10000key_1msg/String,43.667,45.425,47.992,131
panic-fix-clone-sender,b11ed89-dirty,local,current_thread_interleaving,1,500,3000,20,flat,phase,recv,1x16/10000key_1msg/String,46.423,47.847,49.029,131
panic-fix-clone-sender,b11ed89-dirty,local,current_thread_interleaving,1,500,3000,20,flat,phase,send_no_receivers,1x16/10000key_1msg/String,74.362,78.542,93.004,131
panic-fix-clone-sender,b11ed89-dirty,local,current_thread_interleaving,1,500,3000,20,flat,phase,send_with_receivers/clone_sender,1x16/10000key_1msg/String,114.200,124.079,141.463,131
panic-fix-clone-sender,b11ed89-dirty,local,current_thread_interleaving,1,500,3000,20,flat,phase,send_with_receivers/guard_held,1x16/10000key_1msg/String,107.667,115.321,128.554,131
panic-fix-clone-sender,b11ed89-dirty,local,current_thread_interleaving,1,500,3000,20,flat,phase,subscribe,1x16/10000key_1msg/String,33.092,34.581,36.306,131
panic-fix-clone-sender,b11ed89-dirty,local,current_thread_interleaving,1,500,3000,20,flat,phase,create,1x16/10000key_1msg/u64,37.500,70.800,95.900,191
panic-fix-clone-sender,b11ed89-dirty,local,current_thread_interleaving,1,500,3000,20,flat,phase,drop,1x16/10000key_1msg/u64,43.042,44.519,46.063,191
panic-fix-clone-sender,b11ed89-dirty,local,current_thread_interleaving,1,500,3000,20,flat,phase,recv,1x16/10000key_1msg/u64,16.873,17.478,18.188,191
panic-fix-clone-sender,b11ed89-dirty,local,current_thread_interleaving,1,500,3000,20,flat,phase,send_no_receivers,1x16/10000key_1msg/u64,15.300,16.575,20.842,191
panic-fix-clone-sender,b11ed89-dirty,local,current_thread_interleaving,1,500,3000,20,flat,phase,send_with_receivers/clone_sender,1x16/10000key_1msg/u64,61.075,65.362,75.263,191
panic-fix-clone-sender,b11ed89-dirty,local,current_thread_interleaving,1,500,3000,20,flat,phase,send_with_receivers/guard_held,1x16/10000key_1msg/u64,56.983,61.508,70.725,191
panic-fix-clone-sender,b11ed89-dirty,local,current_thread_interleaving,1,500,3000,20,flat,phase,subscribe,1x16/10000key_1msg/u64,32.603,34.330,35.972,191
panic-fix-clone-sender,b11ed89-dirty,local,current_thread_interleaving,1,500,3000,20,flat,phase,create,1x16/1000key_10msg/DropValue,50.000,100.000,141.700,423
panic-fix-clone-sender,b11ed89-dirty,local,current_thread_interleaving,1,500,3000,20,flat,phase,drop,1x16/1000key_10msg/DropValue,58.198,61.857,69.404,423
panic-fix-clone-sender,b11ed89-dirty,local,current_thread_interleaving,1,500,3000,20,flat,phase,recv,1x16/1000key_10msg/DropValue,16.856,17.465,18.103,423
panic-fix-clone-sender,b11ed89-dirty,local,current_thread_interleaving,1,500,3000,20,flat,phase,send_no_receivers,1x16/1000key_10msg/DropValue,13.071,14.125,16.233,423
panic-fix-clone-sender,b11ed89-dirty,local,current_thread_interleaving,1,500,3000,20,flat,phase,send_with_receivers/clone_sender,1x16/1000key_10msg/DropValue,54.596,58.862,72.354,423
panic-fix-clone-sender,b11ed89-dirty,local,current_thread_interleaving,1,500,3000,20,flat,phase,send_with_receivers/guard_held,1x16/1000key_10msg/DropValue,49.233,53.896,66.396,423
panic-fix-clone-sender,b11ed89-dirty,local,current_thread_interleaving,1,500,3000,20,flat,phase,subscribe,1x16/1000key_10msg/DropValue,32.521,36.625,40.492,423
panic-fix-clone-sender,b11ed89-dirty,local,current_thread_interleaving,1,500,3000,20,flat,phase,create,1x16/1000key_10msg/String,33.300,66.600,104.200,191
panic-fix-clone-sender,b11ed89-dirty,local,current_thread_interleaving,1,500,3000,20,flat,phase,drop,1x16/1000key_10msg/String,58.310,61.760,70.620,191
panic-fix-clone-sender,b11ed89-dirty,local,current_thread_interleaving,1,500,3000,20,flat,phase,recv,1x16/1000key_10msg/String,44.057,46.513,48.441,191
panic-fix-clone-sender,b11ed89-dirty,local,current_thread_interleaving,1,500,3000,20,flat,phase,send_no_receivers,1x16/1000key_10msg/String,70.529,72.950,82.408,191
panic-fix-clone-sender,b11ed89-dirty,local,current_thread_interleaving,1,500,3000,20,flat,phase,send_with_receivers/clone_sender,1x16/1000key_10msg/String,106.162,116.442,139.829,191
panic-fix-clone-sender,b11ed89-dirty,local,current_thread_interleaving,1,500,3000,20,flat,phase,send_with_receivers/guard_held,1x16/1000key_10msg/String,99.371,107.479,127.654,191
panic-fix-clone-sender,b11ed89-dirty,local,current_thread_interleaving,1,500,3000,20,flat,phase,subscribe,1x16/1000key_10msg/String,33.510,37.258,41.938,191
panic-fix-clone-sender,b11ed89-dirty,local,current_thread_interleaving,1,500,3000,20,flat,phase,create,1x16/1000key_10msg/u64,33.300,54.100,95.800,443
panic-fix-clone-sender,b11ed89-dirty,local,current_thread_interleaving,1,500,3000,20,flat,phase,drop,1x16/1000key_10msg/u64,56.909,60.862,67.674,443
panic-fix-clone-sender,b11ed89-dirty,local,current_thread_interleaving,1,500,3000,20,flat,phase,recv,1x16/1000key_10msg/u64,15.253,15.807,16.477,443
panic-fix-clone-sender,b11ed89-dirty,local,current_thread_interleaving,1,500,3000,20,flat,phase,send_no_receivers,1x16/1000key_10msg/u64,12.242,13.354,15.246,443
panic-fix-clone-sender,b11ed89-dirty,local,current_thread_interleaving,1,500,3000,20,flat,phase,send_with_receivers/clone_sender,1x16/1000key_10msg/u64,54.263,58.550,72.008,443
panic-fix-clone-sender,b11ed89-dirty,local,current_thread_interleaving,1,500,3000,20,flat,phase,send_with_receivers/guard_held,1x16/1000key_10msg/u64,49.150,53.917,68.833,443
panic-fix-clone-sender,b11ed89-dirty,local,current_thread_interleaving,1,500,3000,20,flat,phase,subscribe,1x16/1000key_10msg/u64,32.833,37.008,41.411,443
panic-fix-clone-sender,b11ed89-dirty,local,current_thread_interleaving,1,500,3000,20,flat,phase,create,1x16/100key_100msg/DropValue,45.900,100.000,137.500,547
panic-fix-clone-sender,b11ed89-dirty,local,current_thread_interleaving,1,500,3000,20,flat,phase,drop,1x16/100key_100msg/DropValue,177.969,197.161,321.719,547
panic-fix-clone-sender,b11ed89-dirty,local,current_thread_interleaving,1,500,3000,20,flat,phase,recv,1x16/100key_100msg/DropValue,16.413,17.163,18.404,547
panic-fix-clone-sender,b11ed89-dirty,local,current_thread_interleaving,1,500,3000,20,flat,phase,send_no_receivers,1x16/100key_100msg/DropValue,14.679,18.300,21.238,547
panic-fix-clone-sender,b11ed89-dirty,local,current_thread_interleaving,1,500,3000,20,flat,phase,send_with_receivers/clone_sender,1x16/100key_100msg/DropValue,49.013,56.996,65.067,547
panic-fix-clone-sender,b11ed89-dirty,local,current_thread_interleaving,1,500,3000,20,flat,phase,send_with_receivers/guard_held,1x16/100key_100msg/DropValue,43.529,51.962,59.092,547
panic-fix-clone-sender,b11ed89-dirty,local,current_thread_interleaving,1,500,3000,20,flat,phase,subscribe,1x16/100key_100msg/DropValue,43.489,49.922,59.166,547
panic-fix-clone-sender,b11ed89-dirty,local,current_thread_interleaving,1,500,3000,20,flat,phase,create,1x16/100key_100msg/String,33.300,62.500,95.900,211
panic-fix-clone-sender,b11ed89-dirty,local,current_thread_interleaving,1,500,3000,20,flat,phase,drop,1x16/100key_100msg/String,175.625,201.797,305.886,211
panic-fix-clone-sender,b11ed89-dirty,local,current_thread_interleaving,1,500,3000,20,flat,phase,recv,1x16/100key_100msg/String,43.345,45.937,48.135,211
panic-fix-clone-sender,b11ed89-dirty,local,current_thread_interleaving,1,500,3000,20,flat,phase,send_no_receivers,1x16/100key_100msg/String,74.258,85.350,95.704,211
panic-fix-clone-sender,b11ed89-dirty,local,current_thread_interleaving,1,500,3000,20,flat,phase,send_with_receivers/clone_sender,1x16/100key_100msg/String,99.096,111.054,124.275,211
panic-fix-clone-sender,b11ed89-dirty,local,current_thread_interleaving,1,500,3000,20,flat,phase,send_with_receivers/guard_held,1x16/100key_100msg/String,91.838,103.587,116.854,211
panic-fix-clone-sender,b11ed89-dirty,local,current_thread_interleaving,1,500,3000,20,flat,phase,subscribe,1x16/100key_100msg/String,49.974,55.938,66.797,211
panic-fix-clone-sender,b11ed89-dirty,local,current_thread_interleaving,1,500,3000,20,flat,phase,create,1x16/100key_100msg/u64,29.200,45.800,91.700,587
panic-fix-clone-sender,b11ed89-dirty,local,current_thread_interleaving,1,500,3000,20,flat,phase,drop,1x16/100key_100msg/u64,166.797,182.161,290.104,587
panic-fix-clone-sender,b11ed89-dirty,local,current_thread_interleaving,1,500,3000,20,flat,phase,recv,1x16/100key_100msg/u64,15.002,15.679,16.990,587
panic-fix-clone-sender,b11ed89-dirty,local,current_thread_interleaving,1,500,3000,20,flat,phase,send_no_receivers,1x16/100key_100msg/u64,11.658,14.708,17.438,587
panic-fix-clone-sender,b11ed89-dirty,local,current_thread_interleaving,1,500,3000,20,flat,phase,send_with_receivers/clone_sender,1x16/100key_100msg/u64,48.871,56.317,63.688,587
panic-fix-clone-sender,b11ed89-dirty,local,current_thread_interleaving,1,500,3000,20,flat,phase,send_with_receivers/guard_held,1x16/100key_100msg/u64,43.458,51.817,58.825,587
panic-fix-clone-sender,b11ed89-dirty,local,current_thread_interleaving,1,500,3000,20,flat,phase,subscribe,1x16/100key_100msg/u64,43.724,49.609,59.506,587
panic-fix-clone-sender,b11ed89-dirty,local,current_thread_interleaving,1,500,3000,20,flat,phase,create,1x16/10key_1000msg/DropValue,58.300,79.200,129.100,567
panic-fix-clone-sender,b11ed89-dirty,local,current_thread_interleaving,1,500,3000,20,flat,phase,drop,1x16/10key_1000msg/DropValue,1146.094,1191.406,2890.887,567
panic-fix-clone-sender,b11ed89-dirty,local,current_thread_interleaving,1,500,3000,20,flat,phase,recv,1x16/10key_1000msg/DropValue,16.560,17.313,18.562,567
panic-fix-clone-sender,b11ed89-dirty,local,current_thread_interleaving,1,500,3000,20,flat,phase,send_no_receivers,1x16/10key_1000msg/DropValue,11.842,12.492,16.246,567
panic-fix-clone-sender,b11ed89-dirty,local,current_thread_interleaving,1,500,3000,20,flat,phase,send_with_receivers/clone_sender,1x16/10key_1000msg/DropValue,46.267,54.917,60.229,567
panic-fix-clone-sender,b11ed89-dirty,local,current_thread_interleaving,1,500,3000,20,flat,phase,send_with_receivers/guard_held,1x16/10key_1000msg/DropValue,40.017,49.821,54.267,567
panic-fix-clone-sender,b11ed89-dirty,local,current_thread_interleaving,1,500,3000,20,flat,phase,subscribe,1x16/10key_1000msg/DropValue,142.444,154.950,203.125,567
panic-fix-clone-sender,b11ed89-dirty,local,current_thread_interleaving,1,500,3000,20,flat,phase,create,1x16/10key_1000msg/String,33.300,62.500,100.000,191
panic-fix-clone-sender,b11ed89-dirty,local,current_thread_interleaving,1,500,3000,20,flat,phase,drop,1x16/10key_1000msg/String,1137.244,1608.594,3226.300,191
panic-fix-clone-sender,b11ed89-dirty,local,current_thread_interleaving,1,500,3000,20,flat,phase,recv,1x16/10key_1000msg/String,44.663,48.036,51.013,191
panic-fix-clone-sender,b11ed89-dirty,local,current_thread_interleaving,1,500,3000,20,flat,phase,send_no_receivers,1x16/10key_1000msg/String,69.246,72.892,81.208,191
panic-fix-clone-sender,b11ed89-dirty,local,current_thread_interleaving,1,500,3000,20,flat,phase,send_with_receivers/clone_sender,1x16/10key_1000msg/String,94.838,110.879,126.062,191
panic-fix-clone-sender,b11ed89-dirty,local,current_thread_interleaving,1,500,3000,20,flat,phase,send_with_receivers/guard_held,1x16/10key_1000msg/String,88.171,102.542,113.754,191
panic-fix-clone-sender,b11ed89-dirty,local,current_thread_interleaving,1,500,3000,20,flat,phase,subscribe,1x16/10key_1000msg/String,193.225,214.062,261.456,191
panic-fix-clone-sender,b11ed89-dirty,local,current_thread_interleaving,1,500,3000,20,flat,phase,create,1x16/10key_1000msg/u64,33.300,45.900,87.500,587
panic-fix-clone-sender,b11ed89-dirty,local,current_thread_interleaving,1,500,3000,20,flat,phase,drop,1x16/10key_1000msg/u64,1066.406,1133.594,2676.306,587
panic-fix-clone-sender,b11ed89-dirty,local,current_thread_interleaving,1,500,3000,20,flat,phase,recv,1x16/10key_1000msg/u64,15.130,16.034,17.718,587
panic-fix-clone-sender,b11ed89-dirty,local,current_thread_interleaving,1,500,3000,20,flat,phase,send_no_receivers,1x16/10key_1000msg/u64,11.033,11.954,15.113,587
panic-fix-clone-sender,b11ed89-dirty,local,current_thread_interleaving,1,500,3000,20,flat,phase,send_with_receivers/clone_sender,1x16/10key_1000msg/u64,46.288,54.408,60.383,587
panic-fix-clone-sender,b11ed89-dirty,local,current_thread_interleaving,1,500,3000,20,flat,phase,send_with_receivers/guard_held,1x16/10key_1000msg/u64,40.104,49.892,55.750,587
panic-fix-clone-sender,b11ed89-dirty,local,current_thread_interleaving,1,500,3000,20,flat,phase,subscribe,1x16/10key_1000msg/u64,143.231,157.031,198.438,587
panic-fix-clone-sender,b11ed89-dirty,local,current_thread_interleaving,1,500,3000,20,flat,phase,create,1x16/1key_10000msg/DropValue,37.500,104.200,150.000,567
panic-fix-clone-sender,b11ed89-dirty,local,current_thread_interleaving,1,500,3000,20,flat,phase,drop,1x16/1key_10000msg/DropValue,17643.188,17934.875,20476.562,567
panic-fix-clone-sender,b11ed89-dirty,local,current_thread_interleaving,1,500,3000,20,flat,phase,recv,1x16/1key_10000msg/DropValue,16.507,16.908,17.595,567
panic-fix-clone-sender,b11ed89-dirty,local,current_thread_interleaving,1,500,3000,20,flat,phase,send_no_receivers,1x16/1key_10000msg/DropValue,11.800,11.992,13.300,567
panic-fix-clone-sender,b11ed89-dirty,local,current_thread_interleaving,1,500,3000,20,flat,phase,send_with_receivers/clone_sender,1x16/1key_10000msg/DropValue,51.025,54.367,59.638,567
panic-fix-clone-sender,b11ed89-dirty,local,current_thread_interleaving,1,500,3000,20,flat,phase,send_with_receivers/guard_held,1x16/1key_10000msg/DropValue,45.333,49.404,55.008,567
panic-fix-clone-sender,b11ed89-dirty,local,current_thread_interleaving,1,500,3000,20,flat,phase,subscribe,1x16/1key_10000msg/DropValue,1737.000,1833.375,2354.125,567
panic-fix-clone-sender,b11ed89-dirty,local,current_thread_interleaving,1,500,3000,20,flat,phase,create,1x16/1key_10000msg/String,33.300,50.000,91.700,211
panic-fix-clone-sender,b11ed89-dirty,local,current_thread_interleaving,1,500,3000,20,flat,phase,drop,1x16/1key_10000msg/String,17346.312,17807.312,20148.438,211
panic-fix-clone-sender,b11ed89-dirty,local,current_thread_interleaving,1,500,3000,20,flat,phase,recv,1x16/1key_10000msg/String,43.868,45.271,46.627,211
panic-fix-clone-sender,b11ed89-dirty,local,current_thread_interleaving,1,500,3000,20,flat,phase,send_no_receivers,1x16/1key_10000msg/String,69.258,70.150,75.192,211
panic-fix-clone-sender,b11ed89-dirty,local,current_thread_interleaving,1,500,3000,20,flat,phase,send_with_receivers/clone_sender,1x16/1key_10000msg/String,101.862,107.029,115.550,211
panic-fix-clone-sender,b11ed89-dirty,local,current_thread_interleaving,1,500,3000,20,flat,phase,send_with_receivers/guard_held,1x16/1key_10000msg/String,95.263,100.562,108.533,211
panic-fix-clone-sender,b11ed89-dirty,local,current_thread_interleaving,1,500,3000,20,flat,phase,subscribe,1x16/1key_10000msg/String,2528.688,2630.188,3114.562,211
panic-fix-clone-sender,b11ed89-dirty,local,current_thread_interleaving,1,500,3000,20,flat,phase,create,1x16/1key_10000msg/u64,29.100,37.500,75.000,607
panic-fix-clone-sender,b11ed89-dirty,local,current_thread_interleaving,1,500,3000,20,flat,phase,drop,1x16/1key_10000msg/u64,16372.375,16604.125,18742.188,607
panic-fix-clone-sender,b11ed89-dirty,local,current_thread_interleaving,1,500,3000,20,flat,phase,recv,1x16/1key_10000msg/u64,15.133,15.451,15.977,607
panic-fix-clone-sender,b11ed89-dirty,local,current_thread_interleaving,1,500,3000,20,flat,phase,send_no_receivers,1x16/1key_10000msg/u64,11.062,11.463,12.662,607
panic-fix-clone-sender,b11ed89-dirty,local,current_thread_interleaving,1,500,3000,20,flat,phase,send_with_receivers/clone_sender,1x16/1key_10000msg/u64,50.704,53.725,58.767,607
panic-fix-clone-sender,b11ed89-dirty,local,current_thread_interleaving,1,500,3000,20,flat,phase,send_with_receivers/guard_held,1x16/1key_10000msg/u64,45.413,49.258,53.158,607
panic-fix-clone-sender,b11ed89-dirty,local,current_thread_interleaving,1,500,3000,20,flat,phase,subscribe,1x16/1key_10000msg/u64,1757.812,1851.562,2179.688,607
panic-fix-clone-sender,b11ed89-dirty,local,current_thread_interleaving,1,500,3000,20,flat,phase,create,4x4/10000key_1msg/DropValue,108.300,175.000,229.200,423
panic-fix-clone-sender,b11ed89-dirty,local,current_thread_interleaving,1,500,3000,20,flat,phase,drop,4x4/10000key_1msg/DropValue,77.909,80.181,85.159,423
panic-fix-clone-sender,b11ed89-dirty,local,current_thread_interleaving,1,500,3000,20,flat,phase,recv,4x4/10000key_1msg/DropValue,20.216,20.618,21.936,423
panic-fix-clone-sender,b11ed89-dirty,local,current_thread_interleaving,1,500,3000,20,flat,phase,send_no_receivers,4x4/10000key_1msg/DropValue,16.096,16.925,20.642,423
panic-fix-clone-sender,b11ed89-dirty,local,current_thread_interleaving,1,500,3000,20,flat,phase,send_with_receivers/clone_sender,4x4/10000key_1msg/DropValue,60.642,62.837,74.246,423
panic-fix-clone-sender,b11ed89-dirty,local,current_thread_interleaving,1,500,3000,20,flat,phase,send_with_receivers/guard_held,4x4/10000key_1msg/DropValue,55.854,58.121,67.612,423
panic-fix-clone-sender,b11ed89-dirty,local,current_thread_interleaving,1,500,3000,20,flat,phase,subscribe,4x4/10000key_1msg/DropValue,58.143,59.950,64.140,423
panic-fix-clone-sender,b11ed89-dirty,local,current_thread_interleaving,1,500,3000,20,flat,phase,create,4x4/10000key_1msg/String,33.400,62.500,112.500,303
panic-fix-clone-sender,b11ed89-dirty,local,current_thread_interleaving,1,500,3000,20,flat,phase,drop,4x4/10000key_1msg/String,79.905,82.741,87.380,303
panic-fix-clone-sender,b11ed89-dirty,local,current_thread_interleaving,1,500,3000,20,flat,phase,recv,4x4/10000key_1msg/String,48.763,50.142,52.095,303
panic-fix-clone-sender,b11ed89-dirty,local,current_thread_interleaving,1,500,3000,20,flat,phase,send_no_receivers,4x4/10000key_1msg/String,73.871,75.942,89.596,303
panic-fix-clone-sender,b11ed89-dirty,local,current_thread_interleaving,1,500,3000,20,flat,phase,send_with_receivers/clone_sender,4x4/10000key_1msg/String,111.333,116.558,129.217,303
panic-fix-clone-sender,b11ed89-dirty,local,current_thread_interleaving,1,500,3000,20,flat,phase,send_with_receivers/guard_held,4x4/10000key_1msg/String,105.537,110.308,123.508,303
panic-fix-clone-sender,b11ed89-dirty,local,current_thread_interleaving,1,500,3000,20,flat,phase,subscribe,4x4/10000key_1msg/String,57.788,60.153,63.875,303
panic-fix-clone-sender,b11ed89-dirty,local,current_thread_interleaving,1,500,3000,20,flat,phase,create,4x4/10000key_1msg/u64,33.300,66.600,104.200,423
panic-fix-clone-sender,b11ed89-dirty,local,current_thread_interleaving,1,500,3000,20,flat,phase,drop,4x4/10000key_1msg/u64,73.124,77.452,82.858,423
panic-fix-clone-sender,b11ed89-dirty,local,current_thread_interleaving,1,500,3000,20,flat,phase,recv,4x4/10000key_1msg/u64,16.734,17.215,18.693,423
panic-fix-clone-sender,b11ed89-dirty,local,current_thread_interleaving,1,500,3000,20,flat,phase,send_no_receivers,4x4/10000key_1msg/u64,15.292,16.175,19.158,423
panic-fix-clone-sender,b11ed89-dirty,local,current_thread_interleaving,1,500,3000,20,flat,phase,send_with_receivers/clone_sender,4x4/10000key_1msg/u64,59.983,63.608,74.263,423
panic-fix-clone-sender,b11ed89-dirty,local,current_thread_interleaving,1,500,3000,20,flat,phase,send_with_receivers/guard_held,4x4/10000key_1msg/u64,55.529,59.700,69.850,423
panic-fix-clone-sender,b11ed89-dirty,local,current_thread_interleaving,1,500,3000,20,flat,phase,subscribe,4x4/10000key_1msg/u64,57.981,60.870,64.604,423
panic-fix-clone-sender,b11ed89-dirty,local,current_thread_interleaving,1,500,3000,20,flat,phase,create,4x4/1000key_10msg/DropValue,50.000,95.900,137.500,1075
panic-fix-clone-sender,b11ed89-dirty,local,current_thread_interleaving,1,500,3000,20,flat,phase,drop,4x4/1000key_10msg/DropValue,140.198,148.552,170.198,1075
panic-fix-clone-sender,b11ed89-dirty,local,current_thread_interleaving,1,500,3000,20,flat,phase,recv,4x4/1000key_10msg/DropValue,17.508,18.274,19.840,1075
panic-fix-clone-sender,b11ed89-dirty,local,current_thread_interleaving,1,500,3000,20,flat,phase,send_no_receivers,4x4/1000key_10msg/DropValue,13.050,14.254,15.804,1075
panic-fix-clone-sender,b11ed89-dirty,local,current_thread_interleaving,1,500,3000,20,flat,phase,send_with_receivers/clone_sender,4x4/1000key_10msg/DropValue,54.542,59.142,77.250,1075
panic-fix-clone-sender,b11ed89-dirty,local,current_thread_interleaving,1,500,3000,20,flat,phase,send_with_receivers/guard_held,4x4/1000key_10msg/DropValue,48.913,54.025,71.121,1075
panic-fix-clone-sender,b11ed89-dirty,local,current_thread_interleaving,1,500,3000,20,flat,phase,subscribe,4x4/1000key_10msg/DropValue,66.323,70.979,81.854,1075
panic-fix-clone-sender,b11ed89-dirty,local,current_thread_interleaving,1,500,3000,20,flat,phase,create,4x4/1000key_10msg/String,33.300,62.500,112.500,527
panic-fix-clone-sender,b11ed89-dirty,local,current_thread_interleaving,1,500,3000,20,flat,phase,drop,4x4/1000key_10msg/String,139.823,150.167,171.854,527
panic-fix-clone-sender,b11ed89-dirty,local,current_thread_interleaving,1,500,3000,20,flat,phase,recv,4x4/1000key_10msg/String,45.894,48.682,52.474,527
panic-fix-clone-sender,b11ed89-dirty,local,current_thread_interleaving,1,500,3000,20,flat,phase,send_no_receivers,4x4/1000key_10msg/String,70.812,73.850,79.933,527
panic-fix-clone-sender,b11ed89-dirty,local,current_thread_interleaving,1,500,3000,20,flat,phase,send_with_receivers/clone_sender,4x4/1000key_10msg/String,104.392,112.833,136.392,527
panic-fix-clone-sender,b11ed89-dirty,local,current_thread_interleaving,1,500,3000,20,flat,phase,send_with_receivers/guard_held,4x4/1000key_10msg/String,98.175,106.533,130.375,527
panic-fix-clone-sender,b11ed89-dirty,local,current_thread_interleaving,1,500,3000,20,flat,phase,subscribe,4x4/1000key_10msg/String,68.417,73.594,82.396,527
panic-fix-clone-sender,b11ed89-dirty,local,current_thread_interleaving,1,500,3000,20,flat,phase,create,4x4/1000key_10msg/u64,33.300,45.900,112.500,1135
panic-fix-clone-sender,b11ed89-dirty,local,current_thread_interleaving,1,500,3000,20,flat,phase,drop,4x4/1000key_10msg/u64,130.511,138.875,162.729,1135
panic-fix-clone-sender,b11ed89-dirty,local,current_thread_interleaving,1,500,3000,20,flat,phase,recv,4x4/1000key_10msg/u64,15.637,16.248,17.514,1135
panic-fix-clone-sender,b11ed89-dirty,local,current_thread_interleaving,1,500,3000,20,flat,phase,send_no_receivers,4x4/1000key_10msg/u64,12.354,13.500,15.442,1135
panic-fix-clone-sender,b11ed89-dirty,local,current_thread_interleaving,1,500,3000,20,flat,phase,send_with_receivers/clone_sender,4x4/1000key_10msg/u64,54.500,58.646,74.029,1135
panic-fix-clone-sender,b11ed89-dirty,local,current_thread_interleaving,1,500,3000,20,flat,phase,send_with_receivers/guard_held,4x4/1000key_10msg/u64,49.021,53.667,70.237,1135
panic-fix-clone-sender,b11ed89-dirty,local,current_thread_interleaving,1,500,3000,20,flat,phase,subscribe,4x4/1000key_10msg/u64,66.115,70.416,80.865,1135
panic-fix-clone-sender,b11ed89-dirty,local,current_thread_interleaving,1,500,3000,20,flat,phase,create,4x4/100key_100msg/DropValue,41.600,83.400,120.900,1255
panic-fix-clone-sender,b11ed89-dirty,local,current_thread_interleaving,1,500,3000,20,flat,phase,drop,4x4/100key_100msg/DropValue,619.272,641.145,1142.710,1255
panic-fix-clone-sender,b11ed89-dirty,local,current_thread_interleaving,1,500,3000,20,flat,phase,recv,4x4/100key_100msg/DropValue,16.651,17.191,20.456,1255
panic-fix-clone-sender,b11ed89-dirty,local,current_thread_interleaving,1,500,3000,20,flat,phase,send_no_receivers,4x4/100key_100msg/DropValue,13.708,18.042,20.700,1255
panic-fix-clone-sender,b11ed89-dirty,local,current_thread_interleaving,1,500,3000,20,flat,phase,send_with_receivers/clone_sender,4x4/100key_100msg/DropValue,48.883,56.446,64.021,1255
panic-fix-clone-sender,b11ed89-dirty,local,current_thread_interleaving,1,500,3000,20,flat,phase,send_with_receivers/guard_held,4x4/100key_100msg/DropValue,43.396,51.350,58.433,1255
panic-fix-clone-sender,b11ed89-dirty,local,current_thread_interleaving,1,500,3000,20,flat,phase,subscribe,4x4/100key_100msg/DropValue,109.688,117.082,144.375,1255
panic-fix-clone-sender,b11ed89-dirty,local,current_thread_interleaving,1,500,3000,20,flat,phase,create,4x4/100key_100msg/String,33.300,45.800,91.700,567
panic-fix-clone-sender,b11ed89-dirty,local,current_thread_interleaving,1,500,3000,20,flat,phase,drop,4x4/100key_100msg/String,609.168,638.540,1090.000,567
panic-fix-clone-sender,b11ed89-dirty,local,current_thread_interleaving,1,500,3000,20,flat,phase,recv,4x4/100key_100msg/String,44.726,46.513,54.711,567
panic-fix-clone-sender,b11ed89-dirty,local,current_thread_interleaving,1,500,3000,20,flat,phase,send_no_receivers,4x4/100key_100msg/String,74.304,84.662,95.112,567
panic-fix-clone-sender,b11ed89-dirty,local,current_thread_interleaving,1,500,3000,20,flat,phase,send_with_receivers/clone_sender,4x4/100key_100msg/String,98.138,108.504,118.983,567
panic-fix-clone-sender,b11ed89-dirty,local,current_thread_interleaving,1,500,3000,20,flat,phase,send_with_receivers/guard_held,4x4/100key_100msg/String,91.525,102.892,112.121,567
panic-fix-clone-sender,b11ed89-dirty,local,current_thread_interleaving,1,500,3000,20,flat,phase,subscribe,4x4/100key_100msg/String,133.333,141.145,175.312,567
panic-fix-clone-sender,b11ed89-dirty,local,current_thread_interleaving,1,500,3000,20,flat,phase,create,4x4/100key_100msg/u64,29.200,37.500,75.000,1355
panic-fix-clone-sender,b11ed89-dirty,local,current_thread_interleaving,1,500,3000,20,flat,phase,drop,4x4/100key_100msg/u64,571.457,584.273,926.457,1355
panic-fix-clone-sender,b11ed89-dirty,local,current_thread_interleaving,1,500,3000,20,flat,phase,recv,4x4/100key_100msg/u64,15.092,15.434,18.646,1355
panic-fix-clone-sender,b11ed89-dirty,local,current_thread_interleaving,1,500,3000,20,flat,phase,send_no_receivers,4x4/100key_100msg/u64,12.162,14.658,17.025,1355
panic-fix-clone-sender,b11ed89-dirty,local,current_thread_interleaving,1,500,3000,20,flat,phase,send_with_receivers/clone_sender,4x4/100key_100msg/u64,48.858,56.000,62.212,1355
panic-fix-clone-sender,b11ed89-dirty,local,current_thread_interleaving,1,500,3000,20,flat,phase,send_with_receivers/guard_held,4x4/100key_100msg/u64,43.250,51.112,57.117,1355
panic-fix-clone-sender,b11ed89-dirty,local,current_thread_interleaving,1,500,3000,20,flat,phase,subscribe,4x4/100key_100msg/u64,111.562,116.875,140.835,1355
panic-fix-clone-sender,b11ed89-dirty,local,current_thread_interleaving,1,500,3000,20,flat,phase,create,4x4/10key_1000msg/DropValue,62.500,75.000,108.400,1355
panic-fix-clone-sender,b11ed89-dirty,local,current_thread_interleaving,1,500,3000,20,flat,phase,drop,4x4/10key_1000msg/DropValue,4490.625,4544.775,8146.875,1355
panic-fix-clone-sender,b11ed89-dirty,local,current_thread_interleaving,1,500,3000,20,flat,phase,recv,4x4/10key_1000msg/DropValue,16.726,17.077,21.155,1355
panic-fix-clone-sender,b11ed89-dirty,local,current_thread_interleaving,1,500,3000,20,flat,phase,send_no_receivers,4x4/10key_1000msg/DropValue,11.900,12.571,16.438,1355
panic-fix-clone-sender,b11ed89-dirty,local,current_thread_interleaving,1,500,3000,20,flat,phase,send_with_receivers/clone_sender,4x4/10key_1000msg/DropValue,46.250,54.729,59.925,1355
panic-fix-clone-sender,b11ed89-dirty,local,current_thread_interleaving,1,500,3000,20,flat,phase,send_with_receivers/guard_held,4x4/10key_1000msg/DropValue,39.938,49.792,54.604,1355
panic-fix-clone-sender,b11ed89-dirty,local,current_thread_interleaving,1,500,3000,20,flat,phase,subscribe,4x4/10key_1000msg/DropValue,501.025,518.750,648.950,1355
panic-fix-clone-sender,b11ed89-dirty,local,current_thread_interleaving,1,500,3000,20,flat,phase,create,4x4/10key_1000msg/String,33.300,45.900,100.000,567
panic-fix-clone-sender,b11ed89-dirty,local,current_thread_interleaving,1,500,3000,20,flat,phase,drop,4x4/10key_1000msg/String,4414.600,4730.225,13427.075,567
panic-fix-clone-sender,b11ed89-dirty,local,current_thread_interleaving,1,500,3000,20,flat,phase,recv,4x4/10key_1000msg/String,44.598,47.695,56.786,567
panic-fix-clone-sender,b11ed89-dirty,local,current_thread_interleaving,1,500,3000,20,flat,phase,send_no_receivers,4x4/10key_1000msg/String,69.233,72.533,80.521,567
panic-fix-clone-sender,b11ed89-dirty,local,current_thread_interleaving,1,500,3000,20,flat,phase,send_with_receivers/clone_sender,4x4/10key_1000msg/String,94.513,108.258,121.683,567
panic-fix-clone-sender,b11ed89-dirty,local,current_thread_interleaving,1,500,3000,20,flat,phase,send_with_receivers/guard_held,4x4/10key_1000msg/String,88.000,101.929,110.838,567
panic-fix-clone-sender,b11ed89-dirty,local,current_thread_interleaving,1,500,3000,20,flat,phase,subscribe,4x4/10key_1000msg/String,701.025,737.500,917.700,567
panic-fix-clone-sender,b11ed89-dirty,local,current_thread_interleaving,1,500,3000,20,flat,phase,create,4x4/10key_1000msg/u64,29.200,37.500,91.700,1395
panic-fix-clone-sender,b11ed89-dirty,local,current_thread_interleaving,1,500,3000,20,flat,phase,drop,4x4/10key_1000msg/u64,4168.750,4270.850,10629.175,1395
panic-fix-clone-sender,b11ed89-dirty,local,current_thread_interleaving,1,500,3000,20,flat,phase,recv,4x4/10key_1000msg/u64,15.156,15.657,20.740,1395
panic-fix-clone-sender,b11ed89-dirty,local,current_thread_interleaving,1,500,3000,20,flat,phase,send_no_receivers,4x4/10key_1000msg/u64,11.092,11.729,15.321,1395
panic-fix-clone-sender,b11ed89-dirty,local,current_thread_interleaving,1,500,3000,20,flat,phase,send_with_receivers/clone_sender,4x4/10key_1000msg/u64,46.329,54.208,60.233,1395
panic-fix-clone-sender,b11ed89-dirty,local,current_thread_interleaving,1,500,3000,20,flat,phase,send_with_receivers/guard_held,4x4/10key_1000msg/u64,39.942,49.542,54.558,1395
panic-fix-clone-sender,b11ed89-dirty,local,current_thread_interleaving,1,500,3000,20,flat,phase,subscribe,4x4/10key_1000msg/u64,508.325,533.350,677.075,1395
panic-fix-clone-sender,b11ed89-dirty,local,current_thread_interleaving,1,500,3000,20,flat,phase,create,4x4/1key_10000msg/DropValue,54.200,95.800,125.000,1315
panic-fix-clone-sender,b11ed89-dirty,local,current_thread_interleaving,1,500,3000,20,flat,phase,drop,4x4/1key_10000msg/DropValue,70447.750,71302.000,80583.250,1315
panic-fix-clone-sender,b11ed89-dirty,local,current_thread_interleaving,1,500,3000,20,flat,phase,recv,4x4/1key_10000msg/DropValue,16.623,16.967,17.989,1315
panic-fix-clone-sender,b11ed89-dirty,local,current_thread_interleaving,1,500,3000,20,flat,phase,send_no_receivers,4x4/1key_10000msg/DropValue,11.879,11.975,13.442,1315
panic-fix-clone-sender,b11ed89-dirty,local,current_thread_interleaving,1,500,3000,20,flat,phase,send_with_receivers/clone_sender,4x4/1key_10000msg/DropValue,50.983,54.267,58.879,1315
panic-fix-clone-sender,b11ed89-dirty,local,current_thread_interleaving,1,500,3000,20,flat,phase,send_with_receivers/guard_held,4x4/1key_10000msg/DropValue,45.271,49.075,53.300,1315
panic-fix-clone-sender,b11ed89-dirty,local,current_thread_interleaving,1,500,3000,20,flat,phase,subscribe,4x4/1key_10000msg/DropValue,6854.000,7156.250,8885.500,1315
panic-fix-clone-sender,b11ed89-dirty,local,current_thread_interleaving,1,500,3000,20,flat,phase,create,4x4/1key_10000msg/String,33.300,45.900,91.700,567
panic-fix-clone-sender,b11ed89-dirty,local,current_thread_interleaving,1,500,3000,20,flat,phase,drop,4x4/1key_10000msg/String,69229.250,71604.000,80416.750,567
panic-fix-clone-sender,b11ed89-dirty,local,current_thread_interleaving,1,500,3000,20,flat,phase,recv,4x4/1key_10000msg/String,45.259,46.759,48.701,567
panic-fix-clone-sender,b11ed89-dirty,local,current_thread_interleaving,1,500,3000,20,flat,phase,send_no_receivers,4x4/1key_10000msg/String,69.175,70.175,75.729,567
panic-fix-clone-sender,b11ed89-dirty,local,current_thread_interleaving,1,500,3000,20,flat,phase,send_with_receivers/clone_sender,4x4/1key_10000msg/String,100.758,114.550,124.504,567
panic-fix-clone-sender,b11ed89-dirty,local,current_thread_interleaving,1,500,3000,20,flat,phase,send_with_receivers/guard_held,4x4/1key_10000msg/String,95.321,103.762,110.921,567
panic-fix-clone-sender,b11ed89-dirty,local,current_thread_interleaving,1,500,3000,20,flat,phase,subscribe,4x4/1key_10000msg/String,9979.250,10385.250,11885.500,567
panic-fix-clone-sender,b11ed89-dirty,local,current_thread_interleaving,1,500,3000,20,flat,phase,create,4x4/1key_10000msg/u64,29.200,37.500,75.000,1375
panic-fix-clone-sender,b11ed89-dirty,local,current_thread_interleaving,1,500,3000,20,flat,phase,drop,4x4/1key_10000msg/u64,65395.750,66593.750,75166.750,1375
panic-fix-clone-sender,b11ed89-dirty,local,current_thread_interleaving,1,500,3000,20,flat,phase,recv,4x4/1key_10000msg/u64,15.083,15.471,16.556,1375
panic-fix-clone-sender,b11ed89-dirty,local,current_thread_interleaving,1,500,3000,20,flat,phase,send_no_receivers,4x4/1key_10000msg/u64,11.108,11.483,13.058,1375
panic-fix-clone-sender,b11ed89-dirty,local,current_thread_interleaving,1,500,3000,20,flat,phase,send_with_receivers/clone_sender,4x4/1key_10000msg/u64,50.712,53.867,59.904,1375
panic-fix-clone-sender,b11ed89-dirty,local,current_thread_interleaving,1,500,3000,20,flat,phase,send_with_receivers/guard_held,4x4/1key_10000msg/u64,45.317,49.188,53.529,1375
panic-fix-clone-sender,b11ed89-dirty,local,current_thread_interleaving,1,500,3000,20,flat,phase,subscribe,4x4/1key_10000msg/u64,7020.750,7333.250,8635.250,1375
