create/1x1/1key_10000msg/u64,166.000,250.000,5500.000
subscribe/1x1/1key_10000msg/u64,28500.000,34333.500,119333.000
send_with_receivers/guard_held/1x1/1key_10000msg/u64,46.758,48.246,95.521
send_no_receivers/1x1/1key_10000msg/u64,7.650,7.879,16.383
recv/1x1/1key_10000msg/u64,15.704,16.281,33.433
drop/1x1/1key_10000msg/u64,172417.000,176604.000,562583.000
create/1x1/1key_10000msg/String,166.000,312.500,7208.000
subscribe/1x1/1key_10000msg/String,39833.000,41937.500,145208.000
send_with_receivers/guard_held/1x1/1key_10000msg/String,100.717,106.494,120.150
send_no_receivers/1x1/1key_10000msg/String,60.958,62.650,71.629
recv/1x1/1key_10000msg/String,53.546,55.852,71.638
drop/1x1/1key_10000msg/String,187833.000,194291.500,392875.000
create/1x1/100key_100msg/u64,166.000,208.000,2375.000
subscribe/1x1/100key_100msg/u64,370.000,381.255,556.250
send_with_receivers/guard_held/1x1/100key_100msg/u64,47.500,49.694,63.646
send_no_receivers/1x1/100key_100msg/u64,7.979,8.404,9.338
recv/1x1/100key_100msg/u64,15.938,16.040,36.946
drop/1x1/100key_100msg/u64,1818.750,1830.420,3699.580
create/1x1/100key_100msg/String,167.000,292.000,1958.000
subscribe/1x1/100key_100msg/String,460.840,477.290,652.920
send_with_receivers/guard_held/1x1/100key_100msg/String,100.704,103.696,119.662
send_no_receivers/1x1/100key_100msg/String,65.517,73.285,83.371
recv/1x1/100key_100msg/String,53.846,56.152,95.871
drop/1x1/100key_100msg/String,1936.670,1995.415,3870.420
create/1x1/10000key_1msg/u64,166.000,958.000,4125.000
subscribe/1x1/10000key_1msg/u64,150.733,155.950,173.338
send_with_receivers/guard_held/1x1/10000key_1msg/u64,51.333,53.194,66.583
send_no_receivers/1x1/10000key_1msg/u64,10.938,11.610,15.808
recv/1x1/10000key_1msg/u64,19.779,20.812,40.542
drop/1x1/10000key_1msg/u64,185.179,194.183,238.454
create/1x1/10000key_1msg/String,250.000,1291.500,5500.000
subscribe/1x1/10000key_1msg/String,151.996,157.629,183.146
send_with_receivers/guard_held/1x1/10000key_1msg/String,101.696,105.060,126.483
send_no_receivers/1x1/10000key_1msg/String,64.237,65.633,79.029
recv/1x1/10000key_1msg/String,54.554,56.608,71.242
drop/1x1/10000key_1msg/String,193.613,206.248,227.488
create/16x1/1key_10000msg/u64,167.000,250.000,2583.000
subscribe/16x1/1key_10000msg/u64,27959.000,32938.000,54167.000
send_with_receivers/guard_held/16x1/1key_10000msg/u64,46.746,47.935,54.250
send_no_receivers/16x1/1key_10000msg/u64,7.654,7.858,9.804
recv/16x1/1key_10000msg/u64,15.683,16.235,19.567
drop/16x1/1key_10000msg/u64,172417.000,177250.000,272334.000
create/16x1/1key_10000msg/String,167.000,354.500,2792.000
subscribe/16x1/1key_10000msg/String,39834.000,41104.000,48916.000
send_with_receivers/guard_held/16x1/1key_10000msg/String,100.625,107.560,123.583
send_no_receivers/16x1/1key_10000msg/String,60.958,61.412,71.446
recv/16x1/1key_10000msg/String,53.033,54.579,80.754
drop/16x1/1key_10000msg/String,188041.000,192729.000,233875.000
create/16x1/100key_100msg/u64,166.000,209.000,1458.000
subscribe/16x1/100key_100msg/u64,370.410,390.625,1157.500
send_with_receivers/guard_held/16x1/100key_100msg/u64,47.825,50.235,60.996
send_no_receivers/16x1/100key_100msg/u64,8.062,8.521,10.604
recv/16x1/100key_100msg/u64,15.846,16.194,45.492
drop/16x1/100key_100msg/u64,1818.340,1875.835,2231.250
create/16x1/100key_100msg/String,125.000,250.000,2291.000
subscribe/16x1/100key_100msg/String,459.590,470.630,681.660
send_with_receivers/guard_held/16x1/100key_100msg/String,100.783,104.363,124.842
send_no_receivers/16x1/100key_100msg/String,65.896,73.029,87.662
recv/16x1/100key_100msg/String,53.538,55.417,100.625
drop/16x1/100key_100msg/String,1935.410,1967.080,3389.170
create/16x1/10000key_1msg/u64,167.000,958.500,4792.000
subscribe/16x1/10000key_1msg/u64,150.954,158.479,453.696
send_with_receivers/guard_held/16x1/10000key_1msg/u64,51.275,55.008,1216.896
send_no_receivers/16x1/10000key_1msg/u64,11.100,11.842,22.217
recv/16x1/10000key_1msg/u64,19.783,21.448,116.775
drop/16x1/10000key_1msg/u64,185.054,196.694,848.087
create/16x1/10000key_1msg/String,167.000,1000.000,4125.000
subscribe/16x1/10000key_1msg/String,151.925,157.550,182.104
send_with_receivers/guard_held/16x1/10000key_1msg/String,101.575,105.127,144.683
send_no_receivers/16x1/10000key_1msg/String,64.438,65.506,80.125
recv/16x1/10000key_1msg/String,54.617,56.685,69.008
drop/16x1/10000key_1msg/String,193.346,205.225,226.188
create/1x16/1key_10000msg/u64,208.000,375.000,2042.000
subscribe/1x16/1key_10000msg/u64,1773.438,2175.781,3135.438
send_with_receivers/guard_held/1x16/1key_10000msg/u64,46.688,47.015,56.421
send_no_receivers/1x16/1key_10000msg/u64,7.642,7.667,8.192
recv/1x16/1key_10000msg/u64,15.515,15.931,18.331
drop/1x16/1key_10000msg/u64,10802.125,11084.625,16750.000
create/1x16/1key_10000msg/String,167.000,521.000,4583.000
subscribe/1x16/1key_10000msg/String,2520.812,2604.156,3289.062
send_with_receivers/guard_held/1x16/1key_10000msg/String,100.804,111.563,126.121
send_no_receivers/1x16/1key_10000msg/String,60.942,61.471,69.025
recv/1x16/1key_10000msg/String,45.788,47.483,50.388
drop/1x16/1key_10000msg/String,11846.375,12117.188,15026.062
create/1x16/100key_100msg/u64,167.000,479.500,3541.000
subscribe/1x16/100key_100msg/u64,40.208,42.239,56.250
send_with_receivers/guard_held/1x16/100key_100msg/u64,47.538,50.267,59.221
send_no_receivers/1x16/100key_100msg/u64,8.046,8.431,9.571
recv/1x16/100key_100msg/u64,15.293,16.198,19.179
drop/1x16/100key_100msg/u64,156.432,169.557,340.651
create/1x16/100key_100msg/String,250.000,1562.500,8417.000
subscribe/1x16/100key_100msg/String,45.859,49.727,68.151
send_with_receivers/guard_held/1x16/100key_100msg/String,101.592,105.846,137.246
send_no_receivers/1x16/100key_100msg/String,65.333,75.585,86.525
recv/1x16/100key_100msg/String,46.299,48.218,52.362
drop/1x16/100key_100msg/String,164.192,217.695,298.281
create/1x16/10000key_1msg/u64,792.000,1375.000,5708.000
subscribe/1x16/10000key_1msg/u64,26.626,27.696,29.209
send_with_receivers/guard_held/1x16/10000key_1msg/u64,51.938,55.992,62.775
send_no_receivers/1x16/10000key_1msg/u64,11.125,11.704,21.696
recv/1x16/10000key_1msg/u64,16.736,17.256,18.887
drop/1x16/10000key_1msg/u64,55.187,56.701,59.621
create/1x16/10000key_1msg/String,4416.000,5708.500,11542.000
subscribe/1x16/10000key_1msg/String,26.665,27.950,29.523
send_with_receivers/guard_held/1x16/10000key_1msg/String,102.850,108.210,132.350
send_no_receivers/1x16/10000key_1msg/String,64.575,67.062,88.075
recv/1x16/10000key_1msg/String,47.235,48.799,51.420
drop/1x16/10000key_1msg/String,55.834,57.841,60.901
create/4x4/1key_10000msg/u64,166.000,250.000,2500.000
subscribe/4x4/1key_10000msg/u64,6989.500,8260.500,14718.750
send_with_receivers/guard_held/4x4/1key_10000msg/u64,46.642,47.002,60.233
send_no_receivers/4x4/1key_10000msg/u64,7.650,7.690,8.275
recv/4x4/1key_10000msg/u64,15.497,15.792,20.429
drop/4x4/1key_10000msg/u64,43125.000,43640.750,52197.750
create/4x4/1key_10000msg/String,167.000,646.000,1792.000
subscribe/4x4/1key_10000msg/String,10010.500,10635.375,15406.250
send_with_receivers/guard_held/4x4/1key_10000msg/String,100.733,108.744,123.138
send_no_receivers/4x4/1key_10000msg/String,60.938,61.823,73.463
recv/4x4/1key_10000msg/String,46.901,48.524,53.125
drop/4x4/1key_10000msg/String,47083.250,48864.500,70802.000
create/4x4/100key_100msg/u64,166.000,209.000,1583.000
subscribe/4x4/100key_100msg/u64,106.562,109.322,147.500
send_with_receivers/guard_held/4x4/100key_100msg/u64,47.933,50.188,72.154
send_no_receivers/4x4/100key_100msg/u64,8.012,8.490,10.604
recv/4x4/100key_100msg/u64,15.382,15.643,23.060
drop/4x4/100key_100msg/u64,491.980,498.803,896.770
create/4x4/100key_100msg/String,166.000,896.000,2291.000
subscribe/4x4/100key_100msg/String,128.750,137.292,205.000
send_with_receivers/guard_held/4x4/100key_100msg/String,102.033,106.408,118.929
send_no_receivers/4x4/100key_100msg/String,67.596,75.277,85.342
recv/4x4/100key_100msg/String,47.505,50.617,64.737
drop/4x4/100key_100msg/String,524.062,555.418,967.188
create/4x4/10000key_1msg/u64,208.000,958.500,3417.000
subscribe/4x4/10000key_1msg/u64,51.285,52.840,57.565
send_with_receivers/guard_held/4x4/10000key_1msg/u64,51.092,53.858,69.696
send_no_receivers/4x4/10000key_1msg/u64,11.238,11.648,15.100
recv/4x4/10000key_1msg/u64,16.676,17.184,19.007
drop/4x4/10000key_1msg/u64,82.806,86.596,92.806
create/4x4/10000key_1msg/String,250.000,792.000,6875.000
subscribe/4x4/10000key_1msg/String,51.381,53.370,58.685
send_with_receivers/guard_held/4x4/10000key_1msg/String,101.513,105.931,126.954
send_no_receivers/4x4/10000key_1msg/String,64.350,65.352,86.717
recv/4x4/10000key_1msg/String,49.689,51.703,54.392
drop/4x4/10000key_1msg/String,85.156,90.408,95.790
