create/1x1/1key_10000msg/u64,208.000,334.000,6291.000
subscribe/1x1/1key_10000msg/u64,30542.000,39229.000,83458.000
send_with_receivers/guard_held/1x1/1key_10000msg/u64,51.854,64.910,124.287
send_no_receivers/1x1/1key_10000msg/u64,8.196,10.221,24.950
recv/1x1/1key_10000msg/u64,16.742,21.012,43.479
drop/1x1/1key_10000msg/u64,183125.000,233271.000,445083.000
create/1x1/1key_10000msg/String,166.000,395.500,3917.000
subscribe/1x1/1key_10000msg/String,39875.000,41812.500,272792.000
send_with_receivers/guard_held/1x1/1key_10000msg/String,99.825,113.919,508.212
send_no_receivers/1x1/1key_10000msg/String,60.925,62.910,358.483
recv/1x1/1key_10000msg/String,51.175,53.217,138.167
drop/1x1/1key_10000msg/String,187542.000,193437.500,1204250.000
create/1x1/100key_100msg/u64,166.000,209.000,1833.000
subscribe/1x1/100key_100msg/u64,371.660,382.710,464.170
send_with_receivers/guard_held/1x1/100key_100msg/u64,49.133,50.919,63.408
send_no_receivers/1x1/100key_100msg/u64,7.992,8.375,11.688
recv/1x1/100key_100msg/u64,15.938,16.125,41.150
drop/1x1/100key_100msg/u64,1815.420,1835.000,3953.750
create/1x1/100key_100msg/String,166.000,250.000,3000.000
subscribe/1x1/100key_100msg/String,458.330,485.000,744.590
send_with_receivers/guard_held/1x1/100key_100msg/String,99.846,104.004,115.667
send_no_receivers/1x1/100key_100msg/String,65.071,73.635,90.062
recv/1x1/100key_100msg/String,51.688,53.410,93.892
drop/1x1/100key_100msg/String,1934.170,2001.880,3481.670
create/1x1/10000key_1msg/u64,208.000,812.000,3875.000
subscribe/1x1/10000key_1msg/u64,150.892,157.946,183.142
send_with_receivers/guard_held/1x1/10000key_1msg/u64,53.129,56.954,76.779
send_no_receivers/1x1/10000key_1msg/u64,11.238,11.910,20.017
recv/1x1/10000key_1msg/u64,19.525,21.175,34.246
drop/1x1/10000key_1msg/u64,182.775,192.160,267.221
create/1x1/10000key_1msg/String,208.000,999.500,4542.000
subscribe/1x1/10000key_1msg/String,150.550,157.240,178.171
send_with_receivers/guard_held/1x1/10000key_1msg/String,102.054,107.254,119.246
send_no_receivers/1x1/10000key_1msg/String,64.392,66.333,74.583
recv/1x1/10000key_1msg/String,52.362,54.108,63.962
drop/1x1/10000key_1msg/String,191.800,202.315,220.467
create/16x1/1key_10000msg/u64,166.000,209.000,1708.000
subscribe/16x1/1key_10000msg/u64,27666.000,28916.500,43250.000
send_with_receivers/guard_held/16x1/1key_10000msg/u64,48.229,49.460,55.733
send_no_receivers/16x1/1key_10000msg/u64,7.704,7.829,16.821
recv/16x1/1key_10000msg/u64,15.779,16.123,21.812
drop/16x1/1key_10000msg/u64,171458.000,177562.500,202417.000
create/16x1/1key_10000msg/String,167.000,312.500,2000.000
subscribe/16x1/1key_10000msg/String,39916.000,42021.000,57334.000
send_with_receivers/guard_held/16x1/1key_10000msg/String,99.708,110.027,120.871
send_no_receivers/16x1/1key_10000msg/String,60.929,62.592,73.188
recv/16x1/1key_10000msg/String,51.179,52.575,62.462
drop/16x1/1key_10000msg/String,187958.000,194541.500,222458.000
create/16x1/100key_100msg/u64,166.000,209.000,1792.000
subscribe/16x1/100key_100msg/u64,372.910,382.915,457.920
send_with_receivers/guard_held/16x1/100key_100msg/u64,49.117,51.183,65.746
send_no_receivers/16x1/100key_100msg/u64,7.963,8.648,11.221
recv/16x1/100key_100msg/u64,15.938,16.167,39.808
drop/16x1/100key_100msg/u64,1815.420,1837.915,3125.410
create/16x1/100key_100msg/String,166.000,312.500,14708.000
subscribe/16x1/100key_100msg/String,459.160,481.665,716.250
send_with_receivers/guard_held/16x1/100key_100msg/String,99.758,103.842,116.604
send_no_receivers/16x1/100key_100msg/String,66.058,73.121,83.783
recv/16x1/100key_100msg/String,51.700,54.652,95.671
drop/16x1/100key_100msg/String,1934.590,2017.500,3638.750
create/16x1/10000key_1msg/u64,166.000,875.000,7750.000
subscribe/16x1/10000key_1msg/u64,150.967,156.785,170.550
send_with_receivers/guard_held/16x1/10000key_1msg/u64,52.962,55.790,69.513
send_no_receivers/16x1/10000key_1msg/u64,11.258,11.746,14.733
recv/16x1/10000key_1msg/u64,19.583,20.585,33.038
drop/16x1/10000key_1msg/u64,183.375,191.335,212.804
create/16x1/10000key_1msg/String,167.000,562.500,5250.000
subscribe/16x1/10000key_1msg/String,150.208,156.323,173.971
send_with_receivers/guard_held/16x1/10000key_1msg/String,101.875,105.104,116.729
send_no_receivers/16x1/10000key_1msg/String,64.504,65.946,87.621
recv/16x1/10000key_1msg/String,52.283,54.273,99.313
drop/16x1/10000key_1msg/String,191.533,202.338,228.071
create/1x16/1key_10000msg/u64,166.000,313.000,4250.000
subscribe/1x16/1key_10000msg/u64,1747.375,1828.125,3302.125
send_with_receivers/guard_held/1x16/1key_10000msg/u64,48.288,48.906,57.954
send_no_receivers/1x16/1key_10000msg/u64,7.696,7.708,9.037
recv/1x16/1key_10000msg/u64,15.494,16.029,17.199
drop/1x16/1key_10000msg/u64,10807.312,10994.781,13739.562
create/1x16/1key_10000msg/String,167.000,500.000,4541.000
subscribe/1x16/1key_10000msg/String,2510.438,2699.219,4184.875
send_with_receivers/guard_held/1x16/1key_10000msg/String,100.987,117.346,128.783
send_no_receivers/1x16/1key_10000msg/String,60.925,61.525,73.925
recv/1x16/1key_10000msg/String,43.136,45.127,48.542
drop/1x16/1key_10000msg/String,11796.875,12197.906,17010.375
create/1x16/100key_100msg/u64,166.000,312.000,2708.000
subscribe/1x16/100key_100msg/u64,40.052,41.107,60.755
send_with_receivers/guard_held/1x16/100key_100msg/u64,49.029,51.315,63.721
send_no_receivers/1x16/100key_100msg/u64,8.033,8.608,11.850
recv/1x16/100key_100msg/u64,15.331,15.869,18.038
drop/1x16/100key_100msg/u64,155.286,162.760,274.219
create/1x16/100key_100msg/String,250.000,479.000,2750.000
subscribe/1x16/100key_100msg/String,45.469,47.031,60.495
send_with_receivers/guard_held/1x16/100key_100msg/String,100.700,102.908,119.854
send_no_receivers/1x16/100key_100msg/String,66.167,72.846,84.996
recv/1x16/100key_100msg/String,43.755,45.822,49.361
drop/1x16/100key_100msg/String,165.859,183.190,286.901
create/1x16/10000key_1msg/u64,667.000,1270.500,5792.000
subscribe/1x16/10000key_1msg/u64,26.632,27.635,28.799
send_with_receivers/guard_held/1x16/10000key_1msg/u64,53.596,57.208,76.417
send_no_receivers/1x16/10000key_1msg/u64,11.238,11.777,14.200
recv/1x16/10000key_1msg/u64,16.809,17.435,18.326
drop/1x16/10000key_1msg/u64,54.772,56.624,59.373
create/1x16/10000key_1msg/String,3917.000,5000.000,9292.000
subscribe/1x16/10000key_1msg/String,26.596,27.679,29.774
send_with_receivers/guard_held/1x16/10000key_1msg/String,102.762,107.469,121.554
send_no_receivers/1x16/10000key_1msg/String,64.500,65.383,84.404
recv/1x16/10000key_1msg/String,44.932,46.270,48.295
drop/1x16/10000key_1msg/String,55.660,57.135,59.436
create/4x4/1key_10000msg/u64,166.000,208.000,1584.000
subscribe/4x4/1key_10000msg/u64,6937.500,7208.375,24687.500
send_with_receivers/guard_held/4x4/1key_10000msg/u64,48.158,48.423,55.688
send_no_receivers/4x4/1key_10000msg/u64,7.692,7.717,10.579
recv/4x4/1key_10000msg/u64,15.540,15.818,18.716
drop/4x4/1key_10000msg/u64,43072.750,43312.500,67395.750
create/4x4/1key_10000msg/String,166.000,354.500,4125.000
subscribe/4x4/1key_10000msg/String,10000.000,10854.250,14916.500
send_with_receivers/guard_held/4x4/1key_10000msg/String,100.079,111.113,125.471
send_no_receivers/4x4/1key_10000msg/String,60.925,61.504,73.908
recv/4x4/1key_10000msg/String,44.645,46.846,50.643
drop/4x4/1key_10000msg/String,47073.000,49078.125,60541.750
create/4x4/100key_100msg/u64,166.000,209.000,7625.000
subscribe/4x4/100key_100msg/u64,105.938,109.427,148.645
send_with_receivers/guard_held/4x4/100key_100msg/u64,48.862,51.065,62.783
send_no_receivers/4x4/100key_100msg/u64,8.100,8.377,9.833
recv/4x4/100key_100msg/u64,15.445,15.934,23.283
drop/4x4/100key_100msg/u64,490.312,499.791,917.710
create/4x4/100key_100msg/String,125.000,292.000,3250.000
subscribe/4x4/100key_100msg/String,127.395,135.469,161.250
send_with_receivers/guard_held/4x4/100key_100msg/String,100.621,104.275,117.812
send_no_receivers/4x4/100key_100msg/String,68.779,74.150,86.796
recv/4x4/100key_100msg/String,45.195,50.672,63.375
drop/4x4/100key_100msg/String,520.312,565.418,1005.105
create/4x4/10000key_1msg/u64,208.000,875.000,7083.000
subscribe/4x4/10000key_1msg/u64,51.360,53.416,57.485
send_with_receivers/guard_held/4x4/10000key_1msg/u64,52.954,55.540,72.046
send_no_receivers/4x4/10000key_1msg/u64,11.338,11.800,24.438
recv/4x4/10000key_1msg/u64,16.642,17.308,19.522
drop/4x4/10000key_1msg/u64,82.224,86.606,91.535
create/4x4/10000key_1msg/String,208.000,1208.500,4541.000
subscribe/4x4/10000key_1msg/String,50.843,53.662,182.559
send_with_receivers/guard_held/4x4/10000key_1msg/String,102.033,107.079,276.867
send_no_receivers/4x4/10000key_1msg/String,64.350,65.800,182.188
recv/4x4/10000key_1msg/String,47.468,49.596,97.884
drop/4x4/10000key_1msg/String,85.537,90.280,244.501
