panic-fix-clone-sender,28331fd-dirty,local,current_thread_interleaving,1,500,3000,20,flat,phase,create,16x1/10000key_1msg/DropValue,33.300,50.000,79.200,527
panic-fix-clone-sender,28331fd-dirty,local,current_thread_interleaving,1,500,3000,20,flat,phase,drop,16x1/10000key_1msg/DropValue,214.608,238.258,256.454,527
panic-fix-clone-sender,28331fd-dirty,local,current_thread_interleaving,1,500,3000,20,flat,phase,recv,16x1/10000key_1msg/DropValue,22.291,23.109,25.375,527
panic-fix-clone-sender,28331fd-dirty,local,current_thread_interleaving,1,500,3000,20,flat,phase,send_no_receivers,16x1/10000key_1msg/DropValue,16.229,17.004,19.262,527
panic-fix-clone-sender,28331fd-dirty,local,current_thread_interleaving,1,500,3000,20,flat,phase,send_with_receivers/arc_sender,16x1/10000key_1msg/DropValue,48.517,58.579,68.871,527
panic-fix-clone-sender,28331fd-dirty,local,current_thread_interleaving,1,500,3000,20,flat,phase,send_with_receivers/clone_sender,16x1/10000key_1msg/DropValue,51.612,60.654,71.092,527
panic-fix-clone-sender,28331fd-dirty,local,current_thread_interleaving,1,500,3000,20,flat,phase,send_with_receivers/guard_held,16x1/10000key_1msg/DropValue,46.375,56.712,66.054,527
panic-fix-clone-sender,28331fd-dirty,local,current_thread_interleaving,1,500,3000,20,flat,phase,send_with_receivers/rc_sender,16x1/10000key_1msg/DropValue,48.254,58.150,67.058,527
panic-fix-clone-sender,28331fd-dirty,local,current_thread_interleaving,1,500,3000,20,flat,phase,subscribe,16x1/10000key_1msg/DropValue,185.850,190.100,203.788,527
panic-fix-clone-sender,28331fd-dirty,local,current_thread_interleaving,1,500,3000,20,flat,phase,create,16x1/10000key_1msg/String,33.300,58.300,91.600,323
panic-fix-clone-sender,28331fd-dirty,local,current_thread_interleaving,1,500,3000,20,flat,phase,drop,16x1/10000key_1msg/String,222.325,246.625,270.271,323
panic-fix-clone-sender,28331fd-dirty,local,current_thread_interleaving,1,500,3000,20,flat,phase,recv,16x1/10000key_1msg/String,52.996,54.881,57.962,323
panic-fix-clone-sender,28331fd-dirty,local,current_thread_interleaving,1,500,3000,20,flat,phase,send_no_receivers,16x1/10000key_1msg/String,74.067,75.562,85.158,323
panic-fix-clone-sender,28331fd-dirty,local,current_thread_interleaving,1,500,3000,20,flat,phase,send_with_receivers/arc_sender,16x1/10000key_1msg/String,96.367,111.667,147.392,323
panic-fix-clone-sender,28331fd-dirty,local,current_thread_interleaving,1,500,3000,20,flat,phase,send_with_receivers/clone_sender,16x1/10000key_1msg/String,99.217,116.871,136.033,323
panic-fix-clone-sender,28331fd-dirty,local,current_thread_interleaving,1,500,3000,20,flat,phase,send_with_receivers/guard_held,16x1/10000key_1msg/String,93.479,111.796,131.275,323
panic-fix-clone-sender,28331fd-dirty,local,current_thread_interleaving,1,500,3000,20,flat,phase,send_with_receivers/rc_sender,16x1/10000key_1msg/String,96.188,111.588,141.104,323
panic-fix-clone-sender,28331fd-dirty,local,current_thread_interleaving,1,500,3000,20,flat,phase,subscribe,16x1/10000key_1msg/String,187.654,194.037,209.212,323
panic-fix-clone-sender,28331fd-dirty,local,current_thread_interleaving,1,500,3000,20,flat,phase,create,16x1/10000key_1msg/u64,29.200,45.800,75.000,527
panic-fix-clone-sender,28331fd-dirty,local,current_thread_interleaving,1,500,3000,20,flat,phase,drop,16x1/10000key_1msg/u64,218.287,235.617,253.483,527
panic-fix-clone-sender,28331fd-dirty,local,current_thread_interleaving,1,500,3000,20,flat,phase,recv,16x1/10000key_1msg/u64,19.784,20.423,22.598,527
panic-fix-clone-sender,28331fd-dirty,local,current_thread_interleaving,1,500,3000,20,flat,phase,send_no_receivers,16x1/10000key_1msg/u64,15.387,16.046,17.925,527
panic-fix-clone-sender,28331fd-dirty,local,current_thread_interleaving,1,500,3000,20,flat,phase,send_with_receivers/arc_sender,16x1/10000key_1msg/u64,48.129,58.067,67.225,527
panic-fix-clone-sender,28331fd-dirty,local,current_thread_interleaving,1,500,3000,20,flat,phase,send_with_receivers/clone_sender,16x1/10000key_1msg/u64,51.954,60.783,73.254,527
panic-fix-clone-sender,28331fd-dirty,local,current_thread_interleaving,1,500,3000,20,flat,phase,send_with_receivers/guard_held,16x1/10000key_1msg/u64,46.133,56.567,66.479,527
panic-fix-clone-sender,28331fd-dirty,local,current_thread_interleaving,1,500,3000,20,flat,phase,send_with_receivers/rc_sender,16x1/10000key_1msg/u64,48.383,58.217,70.208,527
panic-fix-clone-sender,28331fd-dirty,local,current_thread_interleaving,1,500,3000,20,flat,phase,subscribe,16x1/10000key_1msg/u64,186.792,190.287,204.571,527
panic-fix-clone-sender,28331fd-dirty,local,current_thread_interleaving,1,500,3000,20,flat,phase,create,16x1/1000key_10msg/DropValue,29.100,37.500,66.700,1055
panic-fix-clone-sender,28331fd-dirty,local,current_thread_interleaving,1,500,3000,20,flat,phase,drop,16x1/1000key_10msg/DropValue,468.375,492.708,553.709,1055
panic-fix-clone-sender,28331fd-dirty,local,current_thread_interleaving,1,500,3000,20,flat,phase,recv,16x1/1000key_10msg/DropValue,18.471,18.780,20.169,1055
panic-fix-clone-sender,28331fd-dirty,local,current_thread_interleaving,1,500,3000,20,flat,phase,send_no_receivers,16x1/1000key_10msg/DropValue,12.979,14.121,15.329,1055
panic-fix-clone-sender,28331fd-dirty,local,current_thread_interleaving,1,500,3000,20,flat,phase,send_with_receivers/arc_sender,16x1/1000key_10msg/DropValue,47.275,52.712,58.517,1055
panic-fix-clone-sender,28331fd-dirty,local,current_thread_interleaving,1,500,3000,20,flat,phase,send_with_receivers/clone_sender,16x1/1000key_10msg/DropValue,50.508,55.513,61.688,1055
panic-fix-clone-sender,28331fd-dirty,local,current_thread_interleaving,1,500,3000,20,flat,phase,send_with_receivers/guard_held,16x1/1000key_10msg/DropValue,45.004,50.638,57.417,1055
panic-fix-clone-sender,28331fd-dirty,local,current_thread_interleaving,1,500,3000,20,flat,phase,send_with_receivers/rc_sender,16x1/1000key_10msg/DropValue,47.179,52.425,58.796,1055
panic-fix-clone-sender,28331fd-dirty,local,current_thread_interleaving,1,500,3000,20,flat,phase,subscribe,16x1/1000key_10msg/DropValue,220.583,226.833,253.584,1055
panic-fix-clone-sender,28331fd-dirty,local,current_thread_interleaving,1,500,3000,20,flat,phase,create,16x1/1000key_10msg/String,29.200,50.000,79.200,527
panic-fix-clone-sender,28331fd-dirty,local,current_thread_interleaving,1,500,3000,20,flat,phase,drop,16x1/1000key_10msg/String,463.834,491.250,575.209,527
panic-fix-clone-sender,28331fd-dirty,local,current_thread_interleaving,1,500,3000,20,flat,phase,recv,16x1/1000key_10msg/String,52.269,54.133,58.855,527
panic-fix-clone-sender,28331fd-dirty,local,current_thread_interleaving,1,500,3000,20,flat,phase,send_no_receivers,16x1/1000key_10msg/String,70.796,72.517,78.300,527
panic-fix-clone-sender,28331fd-dirty,local,current_thread_interleaving,1,500,3000,20,flat,phase,send_with_receivers/arc_sender,16x1/1000key_10msg/String,94.158,104.496,122.892,527
panic-fix-clone-sender,28331fd-dirty,local,current_thread_interleaving,1,500,3000,20,flat,phase,send_with_receivers/clone_sender,16x1/1000key_10msg/String,97.550,108.204,129.829,527
panic-fix-clone-sender,28331fd-dirty,local,current_thread_interleaving,1,500,3000,20,flat,phase,send_with_receivers/guard_held,16x1/1000key_10msg/String,91.271,102.312,119.508,527
panic-fix-clone-sender,28331fd-dirty,local,current_thread_interleaving,1,500,3000,20,flat,phase,send_with_receivers/rc_sender,16x1/1000key_10msg/String,94.217,104.467,119.083,527
panic-fix-clone-sender,28331fd-dirty,local,current_thread_interleaving,1,500,3000,20,flat,phase,subscribe,16x1/1000key_10msg/String,230.459,239.500,274.250,527
panic-fix-clone-sender,28331fd-dirty,local,current_thread_interleaving,1,500,3000,20,flat,phase,create,16x1/1000key_10msg/u64,29.100,41.600,66.700,1095
panic-fix-clone-sender,28331fd-dirty,local,current_thread_interleaving,1,500,3000,20,flat,phase,drop,16x1/1000key_10msg/u64,447.750,479.042,553.000,1095
panic-fix-clone-sender,28331fd-dirty,local,current_thread_interleaving,1,500,3000,20,flat,phase,recv,16x1/1000key_10msg/u64,16.110,16.534,18.052,1095
panic-fix-clone-sender,28331fd-dirty,local,current_thread_interleaving,1,500,3000,20,flat,phase,send_no_receivers,16x1/1000key_10msg/u64,12.300,13.379,14.746,1095
panic-fix-clone-sender,28331fd-dirty,local,current_thread_interleaving,1,500,3000,20,flat,phase,send_with_receivers/arc_sender,16x1/1000key_10msg/u64,46.871,52.254,61.288,1095
panic-fix-clone-sender,28331fd-dirty,local,current_thread_interleaving,1,500,3000,20,flat,phase,send_with_receivers/clone_sender,16x1/1000key_10msg/u64,50.492,55.667,63.967,1095
panic-fix-clone-sender,28331fd-dirty,local,current_thread_interleaving,1,500,3000,20,flat,phase,send_with_receivers/guard_held,16x1/1000key_10msg/u64,44.763,50.400,58.546,1095
panic-fix-clone-sender,28331fd-dirty,local,current_thread_interleaving,1,500,3000,20,flat,phase,send_with_receivers/rc_sender,16x1/1000key_10msg/u64,47.179,52.404,61.271,1095
panic-fix-clone-sender,28331fd-dirty,local,current_thread_interleaving,1,500,3000,20,flat,phase,subscribe,16x1/1000key_10msg/u64,222.458,230.416,264.958,1095
panic-fix-clone-sender,28331fd-dirty,local,current_thread_interleaving,1,500,3000,20,flat,phase,create,16x1/100key_100msg/DropValue,29.200,37.500,58.400,1215
panic-fix-clone-sender,28331fd-dirty,local,current_thread_interleaving,1,500,3000,20,flat,phase,drop,16x1/100key_100msg/DropValue,2388.750,2427.920,2791.670,1215
panic-fix-clone-sender,28331fd-dirty,local,current_thread_interleaving,1,500,3000,20,flat,phase,recv,16x1/100key_100msg/DropValue,17.238,17.587,20.526,1215
panic-fix-clone-sender,28331fd-dirty,local,current_thread_interleaving,1,500,3000,20,flat,phase,send_no_receivers,16x1/100key_100msg/DropValue,14.933,18.067,20.342,1215
panic-fix-clone-sender,28331fd-dirty,local,current_thread_interleaving,1,500,3000,20,flat,phase,send_with_receivers/arc_sender,16x1/100key_100msg/DropValue,42.646,46.292,56.562,1215
panic-fix-clone-sender,28331fd-dirty,local,current_thread_interleaving,1,500,3000,20,flat,phase,send_with_receivers/clone_sender,16x1/100key_100msg/DropValue,46.388,49.700,59.496,1215
panic-fix-clone-sender,28331fd-dirty,local,current_thread_interleaving,1,500,3000,20,flat,phase,send_with_receivers/guard_held,16x1/100key_100msg/DropValue,40.442,44.717,55.046,1215
panic-fix-clone-sender,28331fd-dirty,local,current_thread_interleaving,1,500,3000,20,flat,phase,send_with_receivers/rc_sender,16x1/100key_100msg/DropValue,42.083,46.071,55.842,1215
panic-fix-clone-sender,28331fd-dirty,local,current_thread_interleaving,1,500,3000,20,flat,phase,subscribe,16x1/100key_100msg/DropValue,408.330,419.170,481.250,1215
panic-fix-clone-sender,28331fd-dirty,local,current_thread_interleaving,1,500,3000,20,flat,phase,create,16x1/100key_100msg/String,33.300,45.800,75.000,443
panic-fix-clone-sender,28331fd-dirty,local,current_thread_interleaving,1,500,3000,20,flat,phase,drop,16x1/100key_100msg/String,2345.000,2415.420,3759.160,443
panic-fix-clone-sender,28331fd-dirty,local,current_thread_interleaving,1,500,3000,20,flat,phase,recv,16x1/100key_100msg/String,52.027,53.899,67.934,443
panic-fix-clone-sender,28331fd-dirty,local,current_thread_interleaving,1,500,3000,20,flat,phase,send_no_receivers,16x1/100key_100msg/String,73.604,84.867,94.629,443
panic-fix-clone-sender,28331fd-dirty,local,current_thread_interleaving,1,500,3000,20,flat,phase,send_with_receivers/arc_sender,16x1/100key_100msg/String,90.842,96.700,116.562,443
panic-fix-clone-sender,28331fd-dirty,local,current_thread_interleaving,1,500,3000,20,flat,phase,send_with_receivers/clone_sender,16x1/100key_100msg/String,94.188,100.767,120.092,443
panic-fix-clone-sender,28331fd-dirty,local,current_thread_interleaving,1,500,3000,20,flat,phase,send_with_receivers/guard_held,16x1/100key_100msg/String,88.196,94.833,112.442,443
panic-fix-clone-sender,28331fd-dirty,local,current_thread_interleaving,1,500,3000,20,flat,phase,send_with_receivers/rc_sender,16x1/100key_100msg/String,90.354,97.204,114.792,443
panic-fix-clone-sender,28331fd-dirty,local,current_thread_interleaving,1,500,3000,20,flat,phase,subscribe,16x1/100key_100msg/String,497.500,518.330,647.500,443
panic-fix-clone-sender,28331fd-dirty,local,current_thread_interleaving,1,500,3000,20,flat,phase,create,16x1/100key_100msg/u64,29.100,37.500,58.300,1235
panic-fix-clone-sender,28331fd-dirty,local,current_thread_interleaving,1,500,3000,20,flat,phase,drop,16x1/100key_100msg/u64,2225.840,2268.330,2776.670,1235
panic-fix-clone-sender,28331fd-dirty,local,current_thread_interleaving,1,500,3000,20,flat,phase,recv,16x1/100key_100msg/u64,15.093,15.373,19.422,1235
panic-fix-clone-sender,28331fd-dirty,local,current_thread_interleaving,1,500,3000,20,flat,phase,send_no_receivers,16x1/100key_100msg/u64,12.354,14.662,16.867,1235
panic-fix-clone-sender,28331fd-dirty,local,current_thread_interleaving,1,500,3000,20,flat,phase,send_with_receivers/arc_sender,16x1/100key_100msg/u64,42.304,45.746,55.954,1235
panic-fix-clone-sender,28331fd-dirty,local,current_thread_interleaving,1,500,3000,20,flat,phase,send_with_receivers/clone_sender,16x1/100key_100msg/u64,46.358,49.771,59.587,1235
panic-fix-clone-sender,28331fd-dirty,local,current_thread_interleaving,1,500,3000,20,flat,phase,send_with_receivers/guard_held,16x1/100key_100msg/u64,40.758,44.479,54.792,1235
panic-fix-clone-sender,28331fd-dirty,local,current_thread_interleaving,1,500,3000,20,flat,phase,send_with_receivers/rc_sender,16x1/100key_100msg/u64,42.446,45.933,56.304,1235
panic-fix-clone-sender,28331fd-dirty,local,current_thread_interleaving,1,500,3000,20,flat,phase,subscribe,16x1/100key_100msg/u64,407.500,418.750,500.840,1235
panic-fix-clone-sender,28331fd-dirty,local,current_thread_interleaving,1,500,3000,20,flat,phase,create,16x1/10key_1000msg/DropValue,29.100,37.500,70.800,1275
panic-fix-clone-sender,28331fd-dirty,local,current_thread_interleaving,1,500,3000,20,flat,phase,drop,16x1/10key_1000msg/DropValue,17883.300,18079.200,21979.100,1275
panic-fix-clone-sender,28331fd-dirty,local,current_thread_interleaving,1,500,3000,20,flat,phase,recv,16x1/10key_1000msg/DropValue,17.093,17.452,24.818,1275
panic-fix-clone-sender,28331fd-dirty,local,current_thread_interleaving,1,500,3000,20,flat,phase,send_no_receivers,16x1/10key_1000msg/DropValue,12.075,12.729,16.867,1275
panic-fix-clone-sender,28331fd-dirty,local,current_thread_interleaving,1,500,3000,20,flat,phase,send_with_receivers/arc_sender,16x1/10key_1000msg/DropValue,41.417,43.083,54.825,1275
panic-fix-clone-sender,28331fd-dirty,local,current_thread_interleaving,1,500,3000,20,flat,phase,send_with_receivers/clone_sender,16x1/10key_1000msg/DropValue,46.067,47.150,57.546,1275
panic-fix-clone-sender,28331fd-dirty,local,current_thread_interleaving,1,500,3000,20,flat,phase,send_with_receivers/guard_held,16x1/10key_1000msg/DropValue,39.812,41.792,52.979,1275
panic-fix-clone-sender,28331fd-dirty,local,current_thread_interleaving,1,500,3000,20,flat,phase,send_with_receivers/rc_sender,16x1/10key_1000msg/DropValue,41.250,43.112,54.108,1275
panic-fix-clone-sender,28331fd-dirty,local,current_thread_interleaving,1,500,3000,20,flat,phase,subscribe,16x1/10key_1000msg/DropValue,1995.900,2066.700,2575.000,1275
panic-fix-clone-sender,28331fd-dirty,local,current_thread_interleaving,1,500,3000,20,flat,phase,create,16x1/10key_1000msg/String,29.100,41.700,70.800,567
panic-fix-clone-sender,28331fd-dirty,local,current_thread_interleaving,1,500,3000,20,flat,phase,drop,16x1/10key_1000msg/String,17562.500,17895.800,26520.800,567
panic-fix-clone-sender,28331fd-dirty,local,current_thread_interleaving,1,500,3000,20,flat,phase,recv,16x1/10key_1000msg/String,51.074,52.824,64.850,567
panic-fix-clone-sender,28331fd-dirty,local,current_thread_interleaving,1,500,3000,20,flat,phase,send_no_receivers,16x1/10key_1000msg/String,69.379,72.725,80.783,567
panic-fix-clone-sender,28331fd-dirty,local,current_thread_interleaving,1,500,3000,20,flat,phase,send_with_receivers/arc_sender,16x1/10key_1000msg/String,90.000,92.742,110.463,567
panic-fix-clone-sender,28331fd-dirty,local,current_thread_interleaving,1,500,3000,20,flat,phase,send_with_receivers/clone_sender,16x1/10key_1000msg/String,93.704,96.717,117.208,567
panic-fix-clone-sender,28331fd-dirty,local,current_thread_interleaving,1,500,3000,20,flat,phase,send_with_receivers/guard_held,16x1/10key_1000msg/String,87.654,90.054,109.267,567
panic-fix-clone-sender,28331fd-dirty,local,current_thread_interleaving,1,500,3000,20,flat,phase,send_with_receivers/rc_sender,16x1/10key_1000msg/String,89.771,91.875,110.425,567
panic-fix-clone-sender,28331fd-dirty,local,current_thread_interleaving,1,500,3000,20,flat,phase,subscribe,16x1/10key_1000msg/String,2754.100,2837.500,3370.800,567
panic-fix-clone-sender,28331fd-dirty,local,current_thread_interleaving,1,500,3000,20,flat,phase,create,16x1/10key_1000msg/u64,29.100,37.500,58.300,1275
panic-fix-clone-sender,28331fd-dirty,local,current_thread_interleaving,1,500,3000,20,flat,phase,drop,16x1/10key_1000msg/u64,16625.000,16741.700,20262.500,1275
panic-fix-clone-sender,28331fd-dirty,local,current_thread_interleaving,1,500,3000,20,flat,phase,recv,16x1/10key_1000msg/u64,14.975,15.237,22.180,1275
panic-fix-clone-sender,28331fd-dirty,local,current_thread_interleaving,1,500,3000,20,flat,phase,send_no_receivers,16x1/10key_1000msg/u64,11.221,11.812,15.088,1275
panic-fix-clone-sender,28331fd-dirty,local,current_thread_interleaving,1,500,3000,20,flat,phase,send_with_receivers/arc_sender,16x1/10key_1000msg/u64,41.013,42.625,53.267,1275
panic-fix-clone-sender,28331fd-dirty,local,current_thread_interleaving,1,500,3000,20,flat,phase,send_with_receivers/clone_sender,16x1/10key_1000msg/u64,45.983,46.938,57.646,1275
panic-fix-clone-sender,28331fd-dirty,local,current_thread_interleaving,1,500,3000,20,flat,phase,send_with_receivers/guard_held,16x1/10key_1000msg/u64,39.796,41.383,52.246,1275
panic-fix-clone-sender,28331fd-dirty,local,current_thread_interleaving,1,500,3000,20,flat,phase,send_with_receivers/rc_sender,16x1/10key_1000msg/u64,41.271,42.804,53.708,1275
panic-fix-clone-sender,28331fd-dirty,local,current_thread_interleaving,1,500,3000,20,flat,phase,subscribe,16x1/10key_1000msg/u64,2012.500,2058.300,2533.300,1275
panic-fix-clone-sender,28331fd-dirty,local,current_thread_interleaving,1,500,3000,20,flat,phase,create,16x1/1key_10000msg/DropValue,29.100,37.500,70.900,1255
panic-fix-clone-sender,28331fd-dirty,local,current_thread_interleaving,1,500,3000,20,flat,phase,drop,16x1/1key_10000msg/DropValue,281666.000,285916.000,324291.000,1255
panic-fix-clone-sender,28331fd-dirty,local,current_thread_interleaving,1,500,3000,20,flat,phase,recv,16x1/1key_10000msg/DropValue,17.006,17.407,18.600,1255
panic-fix-clone-sender,28331fd-dirty,local,current_thread_interleaving,1,500,3000,20,flat,phase,send_no_receivers,16x1/1key_10000msg/DropValue,12.054,12.142,13.467,1255
panic-fix-clone-sender,28331fd-dirty,local,current_thread_interleaving,1,500,3000,20,flat,phase,send_with_receivers/arc_sender,16x1/1key_10000msg/DropValue,40.558,46.242,54.067,1255
panic-fix-clone-sender,28331fd-dirty,local,current_thread_interleaving,1,500,3000,20,flat,phase,send_with_receivers/clone_sender,16x1/1key_10000msg/DropValue,44.954,50.875,58.046,1255
panic-fix-clone-sender,28331fd-dirty,local,current_thread_interleaving,1,500,3000,20,flat,phase,send_with_receivers/guard_held,16x1/1key_10000msg/DropValue,39.092,46.212,52.367,1255
panic-fix-clone-sender,28331fd-dirty,local,current_thread_interleaving,1,500,3000,20,flat,phase,send_with_receivers/rc_sender,16x1/1key_10000msg/DropValue,40.513,47.308,53.575,1255
panic-fix-clone-sender,28331fd-dirty,local,current_thread_interleaving,1,500,3000,20,flat,phase,subscribe,16x1/1key_10000msg/DropValue,27916.000,29250.000,35667.000,1255
panic-fix-clone-sender,28331fd-dirty,local,current_thread_interleaving,1,500,3000,20,flat,phase,create,16x1/1key_10000msg/String,33.300,41.700,79.200,547
panic-fix-clone-sender,28331fd-dirty,local,current_thread_interleaving,1,500,3000,20,flat,phase,drop,16x1/1key_10000msg/String,276750.000,282959.000,330792.000,547
panic-fix-clone-sender,28331fd-dirty,local,current_thread_interleaving,1,500,3000,20,flat,phase,recv,16x1/1key_10000msg/String,51.212,53.188,57.051,547
panic-fix-clone-sender,28331fd-dirty,local,current_thread_interleaving,1,500,3000,20,flat,phase,send_no_receivers,16x1/1key_10000msg/String,69.225,70.263,75.675,547
panic-fix-clone-sender,28331fd-dirty,local,current_thread_interleaving,1,500,3000,20,flat,phase,send_with_receivers/arc_sender,16x1/1key_10000msg/String,89.675,104.900,133.725,547
panic-fix-clone-sender,28331fd-dirty,local,current_thread_interleaving,1,500,3000,20,flat,phase,send_with_receivers/clone_sender,16x1/1key_10000msg/String,93.292,116.483,138.879,547
panic-fix-clone-sender,28331fd-dirty,local,current_thread_interleaving,1,500,3000,20,flat,phase,send_with_receivers/guard_held,16x1/1key_10000msg/String,87.354,100.188,114.254,547
panic-fix-clone-sender,28331fd-dirty,local,current_thread_interleaving,1,500,3000,20,flat,phase,send_with_receivers/rc_sender,16x1/1key_10000msg/String,89.375,101.254,129.492,547
panic-fix-clone-sender,28331fd-dirty,local,current_thread_interleaving,1,500,3000,20,flat,phase,subscribe,16x1/1key_10000msg/String,39833.000,41375.000,49083.000,547
panic-fix-clone-sender,28331fd-dirty,local,current_thread_interleaving,1,500,3000,20,flat,phase,create,16x1/1key_10000msg/u64,29.100,33.400,58.300,1255
panic-fix-clone-sender,28331fd-dirty,local,current_thread_interleaving,1,500,3000,20,flat,phase,drop,16x1/1key_10000msg/u64,261500.000,263292.000,295084.000,1255
panic-fix-clone-sender,28331fd-dirty,local,current_thread_interleaving,1,500,3000,20,flat,phase,recv,16x1/1key_10000msg/u64,14.868,15.086,16.402,1255
panic-fix-clone-sender,28331fd-dirty,local,current_thread_interleaving,1,500,3000,20,flat,phase,send_no_receivers,16x1/1key_10000msg/u64,11.213,11.488,12.529,1255
panic-fix-clone-sender,28331fd-dirty,local,current_thread_interleaving,1,500,3000,20,flat,phase,send_with_receivers/arc_sender,16x1/1key_10000msg/u64,40.083,45.112,52.779,1255
panic-fix-clone-sender,28331fd-dirty,local,current_thread_interleaving,1,500,3000,20,flat,phase,send_with_receivers/clone_sender,16x1/1key_10000msg/u64,44.992,50.929,56.208,1255
panic-fix-clone-sender,28331fd-dirty,local,current_thread_interleaving,1,500,3000,20,flat,phase,send_with_receivers/guard_held,16x1/1key_10000msg/u64,38.892,45.354,51.225,1255
panic-fix-clone-sender,28331fd-dirty,local,current_thread_interleaving,1,500,3000,20,flat,phase,send_with_receivers/rc_sender,16x1/1key_10000msg/u64,40.300,46.633,52.404,1255
panic-fix-clone-sender,28331fd-dirty,local,current_thread_interleaving,1,500,3000,20,flat,phase,subscribe,16x1/1key_10000msg/u64,27875.000,29208.000,33584.000,1255
panic-fix-clone-sender,28331fd-dirty,local,current_thread_interleaving,1,500,3000,20,flat,phase,create,1x1/10000key_1msg/DropValue,33.300,50.000,87.500,527
panic-fix-clone-sender,28331fd-dirty,local,current_thread_interleaving,1,500,3000,20,flat,phase,drop,1x1/10000key_1msg/DropValue,215.617,240.475,261.646,527
panic-fix-clone-sender,28331fd-dirty,local,current_thread_interleaving,1,500,3000,20,flat,phase,recv,1x1/10000key_1msg/DropValue,22.232,23.274,26.441,527
panic-fix-clone-sender,28331fd-dirty,local,current_thread_interleaving,1,500,3000,20,flat,phase,send_no_receivers,1x1/10000key_1msg/DropValue,16.096,17.083,20.346,527
panic-fix-clone-sender,28331fd-dirty,local,current_thread_interleaving,1,500,3000,20,flat,phase,send_with_receivers/arc_sender,1x1/10000key_1msg/DropValue,48.221,58.633,76.117,527
panic-fix-clone-sender,28331fd-dirty,local,current_thread_interleaving,1,500,3000,20,flat,phase,send_with_receivers/clone_sender,1x1/10000key_1msg/DropValue,51.446,60.917,78.208,527
panic-fix-clone-sender,28331fd-dirty,local,current_thread_interleaving,1,500,3000,20,flat,phase,send_with_receivers/guard_held,1x1/10000key_1msg/DropValue,46.462,56.908,75.717,527
panic-fix-clone-sender,28331fd-dirty,local,current_thread_interleaving,1,500,3000,20,flat,phase,send_with_receivers/rc_sender,1x1/10000key_1msg/DropValue,48.142,58.271,75.417,527
panic-fix-clone-sender,28331fd-dirty,local,current_thread_interleaving,1,500,3000,20,flat,phase,subscribe,1x1/10000key_1msg/DropValue,185.850,191.879,206.513,527
panic-fix-clone-sender,28331fd-dirty,local,current_thread_interleaving,1,500,3000,20,flat,phase,create,1x1/10000key_1msg/String,33.300,54.100,79.200,323
panic-fix-clone-sender,28331fd-dirty,local,current_thread_interleaving,1,500,3000,20,flat,phase,drop,1x1/10000key_1msg/String,221.771,240.754,260.158,323
panic-fix-clone-sender,28331fd-dirty,local,current_thread_interleaving,1,500,3000,20,flat,phase,recv,1x1/10000key_1msg/String,53.151,54.383,56.577,323
panic-fix-clone-sender,28331fd-dirty,local,current_thread_interleaving,1,500,3000,20,flat,phase,send_no_receivers,1x1/10000key_1msg/String,73.883,75.183,81.450,323
panic-fix-clone-sender,28331fd-dirty,local,current_thread_interleaving,1,500,3000,20,flat,phase,send_with_receivers/arc_sender,1x1/10000key_1msg/String,96.304,109.979,123.675,323
panic-fix-clone-sender,28331fd-dirty,local,current_thread_interleaving,1,500,3000,20,flat,phase,send_with_receivers/clone_sender,1x1/10000key_1msg/String,99.158,114.804,126.442,323
panic-fix-clone-sender,28331fd-dirty,local,current_thread_interleaving,1,500,3000,20,flat,phase,send_with_receivers/guard_held,1x1/10000key_1msg/String,93.508,110.692,119.987,323
panic-fix-clone-sender,28331fd-dirty,local,current_thread_interleaving,1,500,3000,20,flat,phase,send_with_receivers/rc_sender,1x1/10000key_1msg/String,95.729,109.758,123.425,323
panic-fix-clone-sender,28331fd-dirty,local,current_thread_interleaving,1,500,3000,20,flat,phase,subscribe,1x1/10000key_1msg/String,187.242,191.421,201.179,323
panic-fix-clone-sender,28331fd-dirty,local,current_thread_interleaving,1,500,3000,20,flat,phase,create,1x1/10000key_1msg/u64,33.300,45.800,70.800,527
panic-fix-clone-sender,28331fd-dirty,local,current_thread_interleaving,1,500,3000,20,flat,phase,drop,1x1/10000key_1msg/u64,211.812,234.871,252.225,527
panic-fix-clone-sender,28331fd-dirty,local,current_thread_interleaving,1,500,3000,20,flat,phase,recv,1x1/10000key_1msg/u64,19.731,20.430,22.515,527
panic-fix-clone-sender,28331fd-dirty,local,current_thread_interleaving,1,500,3000,20,flat,phase,send_no_receivers,1x1/10000key_1msg/u64,15.246,16.075,17.925,527
panic-fix-clone-sender,28331fd-dirty,local,current_thread_interleaving,1,500,3000,20,flat,phase,send_with_receivers/arc_sender,1x1/10000key_1msg/u64,47.958,58.067,69.521,527
panic-fix-clone-sender,28331fd-dirty,local,current_thread_interleaving,1,500,3000,20,flat,phase,send_with_receivers/clone_sender,1x1/10000key_1msg/u64,51.837,60.767,69.879,527
panic-fix-clone-sender,28331fd-dirty,local,current_thread_interleaving,1,500,3000,20,flat,phase,send_with_receivers/guard_held,1x1/10000key_1msg/u64,46.125,56.717,66.312,527
panic-fix-clone-sender,28331fd-dirty,local,current_thread_interleaving,1,500,3000,20,flat,phase,send_with_receivers/rc_sender,1x1/10000key_1msg/u64,48.237,58.242,68.125,527
panic-fix-clone-sender,28331fd-dirty,local,current_thread_interleaving,1,500,3000,20,flat,phase,subscribe,1x1/10000key_1msg/u64,186.604,190.954,202.758,527
panic-fix-clone-sender,28331fd-dirty,local,current_thread_interleaving,1,500,3000,20,flat,phase,create,1x1/1000key_10msg/DropValue,29.100,37.500,62.500,1075
panic-fix-clone-sender,28331fd-dirty,local,current_thread_interleaving,1,500,3000,20,flat,phase,drop,1x1/1000key_10msg/DropValue,466.750,491.084,543.375,1075
panic-fix-clone-sender,28331fd-dirty,local,current_thread_interleaving,1,500,3000,20,flat,phase,recv,1x1/1000key_10msg/DropValue,18.384,18.724,20.085,1075
panic-fix-clone-sender,28331fd-dirty,local,current_thread_interleaving,1,500,3000,20,flat,phase,send_no_receivers,1x1/1000key_10msg/DropValue,13.158,14.108,15.675,1075
panic-fix-clone-sender,28331fd-dirty,local,current_thread_interleaving,1,500,3000,20,flat,phase,send_with_receivers/arc_sender,1x1/1000key_10msg/DropValue,47.158,52.271,58.617,1075
panic-fix-clone-sender,28331fd-dirty,local,current_thread_interleaving,1,500,3000,20,flat,phase,send_with_receivers/clone_sender,1x1/1000key_10msg/DropValue,50.483,55.325,61.246,1075
panic-fix-clone-sender,28331fd-dirty,local,current_thread_interleaving,1,500,3000,20,flat,phase,send_with_receivers/guard_held,1x1/1000key_10msg/DropValue,44.875,50.458,57.196,1075
panic-fix-clone-sender,28331fd-dirty,local,current_thread_interleaving,1,500,3000,20,flat,phase,send_with_receivers/rc_sender,1x1/1000key_10msg/DropValue,46.821,51.888,58.471,1075
panic-fix-clone-sender,28331fd-dirty,local,current_thread_interleaving,1,500,3000,20,flat,phase,subscribe,1x1/1000key_10msg/DropValue,219.500,225.791,252.666,1075
panic-fix-clone-sender,28331fd-dirty,local,current_thread_interleaving,1,500,3000,20,flat,phase,create,1x1/1000key_10msg/String,33.300,41.700,70.800,527
panic-fix-clone-sender,28331fd-dirty,local,current_thread_interleaving,1,500,3000,20,flat,phase,drop,1x1/1000key_10msg/String,462.125,473.541,541.167,527
panic-fix-clone-sender,28331fd-dirty,local,current_thread_interleaving,1,500,3000,20,flat,phase,recv,1x1/1000key_10msg/String,52.156,53.746,57.170,527
panic-fix-clone-sender,28331fd-dirty,local,current_thread_interleaving,1,500,3000,20,flat,phase,send_no_receivers,1x1/1000key_10msg/String,71.146,72.596,77.479,527
panic-fix-clone-sender,28331fd-dirty,local,current_thread_interleaving,1,500,3000,20,flat,phase,send_with_receivers/arc_sender,1x1/1000key_10msg/String,94.433,103.692,116.850,527
panic-fix-clone-sender,28331fd-dirty,local,current_thread_interleaving,1,500,3000,20,flat,phase,send_with_receivers/clone_sender,1x1/1000key_10msg/String,97.658,107.458,121.354,527
panic-fix-clone-sender,28331fd-dirty,local,current_thread_interleaving,1,500,3000,20,flat,phase,send_with_receivers/guard_held,1x1/1000key_10msg/String,91.529,101.917,112.800,527
panic-fix-clone-sender,28331fd-dirty,local,current_thread_interleaving,1,500,3000,20,flat,phase,send_with_receivers/rc_sender,1x1/1000key_10msg/String,94.275,103.812,115.354,527
panic-fix-clone-sender,28331fd-dirty,local,current_thread_interleaving,1,500,3000,20,flat,phase,subscribe,1x1/1000key_10msg/String,228.750,235.584,263.208,527
panic-fix-clone-sender,28331fd-dirty,local,current_thread_interleaving,1,500,3000,20,flat,phase,create,1x1/1000key_10msg/u64,29.100,37.500,58.300,1095
panic-fix-clone-sender,28331fd-dirty,local,current_thread_interleaving,1,500,3000,20,flat,phase,drop,1x1/1000key_10msg/u64,444.917,470.041,516.416,1095
panic-fix-clone-sender,28331fd-dirty,local,current_thread_interleaving,1,500,3000,20,flat,phase,recv,1x1/1000key_10msg/u64,15.769,16.309,17.814,1095
panic-fix-clone-sender,28331fd-dirty,local,current_thread_interleaving,1,500,3000,20,flat,phase,send_no_receivers,1x1/1000key_10msg/u64,12.329,13.275,14.412,1095
panic-fix-clone-sender,28331fd-dirty,local,current_thread_interleaving,1,500,3000,20,flat,phase,send_with_receivers/arc_sender,1x1/1000key_10msg/u64,46.683,51.696,57.633,1095
panic-fix-clone-sender,28331fd-dirty,local,current_thread_interleaving,1,500,3000,20,flat,phase,send_with_receivers/clone_sender,1x1/1000key_10msg/u64,50.429,55.450,62.767,1095
panic-fix-clone-sender,28331fd-dirty,local,current_thread_interleaving,1,500,3000,20,flat,phase,send_with_receivers/guard_held,1x1/1000key_10msg/u64,44.696,50.125,57.079,1095
panic-fix-clone-sender,28331fd-dirty,local,current_thread_interleaving,1,500,3000,20,flat,phase,send_with_receivers/rc_sender,1x1/1000key_10msg/u64,46.888,51.933,58.633,1095
panic-fix-clone-sender,28331fd-dirty,local,current_thread_interleaving,1,500,3000,20,flat,phase,subscribe,1x1/1000key_10msg/u64,221.167,226.959,254.625,1095
panic-fix-clone-sender,28331fd-dirty,local,current_thread_interleaving,1,500,3000,20,flat,phase,create,1x1/100key_100msg/DropValue,29.100,37.500,62.500,1175
panic-fix-clone-sender,28331fd-dirty,local,current_thread_interleaving,1,500,3000,20,flat,phase,drop,1x1/100key_100msg/DropValue,2385.420,2418.750,2720.840,1175
panic-fix-clone-sender,28331fd-dirty,local,current_thread_interleaving,1,500,3000,20,flat,phase,recv,1x1/100key_100msg/DropValue,17.235,17.516,20.188,1175
panic-fix-clone-sender,28331fd-dirty,local,current_thread_interleaving,1,500,3000,20,flat,phase,send_no_receivers,1x1/100key_100msg/DropValue,14.029,17.946,20.058,1175
panic-fix-clone-sender,28331fd-dirty,local,current_thread_interleaving,1,500,3000,20,flat,phase,send_with_receivers/arc_sender,1x1/100key_100msg/DropValue,42.462,46.029,55.854,1175
panic-fix-clone-sender,28331fd-dirty,local,current_thread_interleaving,1,500,3000,20,flat,phase,send_with_receivers/clone_sender,1x1/100key_100msg/DropValue,46.317,49.717,59.279,1175
panic-fix-clone-sender,28331fd-dirty,local,current_thread_interleaving,1,500,3000,20,flat,phase,send_with_receivers/guard_held,1x1/100key_100msg/DropValue,41.125,44.550,54.954,1175
panic-fix-clone-sender,28331fd-dirty,local,current_thread_interleaving,1,500,3000,20,flat,phase,send_with_receivers/rc_sender,1x1/100key_100msg/DropValue,42.138,45.896,55.729,1175
panic-fix-clone-sender,28331fd-dirty,local,current_thread_interleaving,1,500,3000,20,flat,phase,subscribe,1x1/100key_100msg/DropValue,407.910,418.750,479.590,1175
panic-fix-clone-sender,28331fd-dirty,local,current_thread_interleaving,1,500,3000,20,flat,phase,create,1x1/100key_100msg/String,29.100,41.700,70.800,547
panic-fix-clone-sender,28331fd-dirty,local,current_thread_interleaving,1,500,3000,20,flat,phase,drop,1x1/100key_100msg/String,2343.330,2377.080,3235.000,547
panic-fix-clone-sender,28331fd-dirty,local,current_thread_interleaving,1,500,3000,20,flat,phase,recv,1x1/100key_100msg/String,51.615,53.293,60.615,547
panic-fix-clone-sender,28331fd-dirty,local,current_thread_interleaving,1,500,3000,20,flat,phase,send_no_receivers,1x1/100key_100msg/String,74.150,84.213,94.992,547
panic-fix-clone-sender,28331fd-dirty,local,current_thread_interleaving,1,500,3000,20,flat,phase,send_with_receivers/arc_sender,1x1/100key_100msg/String,91.058,96.558,114.471,547
panic-fix-clone-sender,28331fd-dirty,local,current_thread_interleaving,1,500,3000,20,flat,phase,send_with_receivers/clone_sender,1x1/100key_100msg/String,94.046,99.837,116.983,547
panic-fix-clone-sender,28331fd-dirty,local,current_thread_interleaving,1,500,3000,20,flat,phase,send_with_receivers/guard_held,1x1/100key_100msg/String,87.917,94.354,111.342,547
panic-fix-clone-sender,28331fd-dirty,local,current_thread_interleaving,1,500,3000,20,flat,phase,send_with_receivers/rc_sender,1x1/100key_100msg/String,90.792,96.375,111.821,547
panic-fix-clone-sender,28331fd-dirty,local,current_thread_interleaving,1,500,3000,20,flat,phase,subscribe,1x1/100key_100msg/String,495.000,509.580,592.090,547
panic-fix-clone-sender,28331fd-dirty,local,current_thread_interleaving,1,500,3000,20,flat,phase,create,1x1/100key_100msg/u64,29.100,33.400,54.100,1275
panic-fix-clone-sender,28331fd-dirty,local,current_thread_interleaving,1,500,3000,20,flat,phase,drop,1x1/100key_100msg/u64,2223.750,2254.170,2551.250,1275
panic-fix-clone-sender,28331fd-dirty,local,current_thread_interleaving,1,500,3000,20,flat,phase,recv,1x1/100key_100msg/u64,15.100,15.304,17.636,1275
panic-fix-clone-sender,28331fd-dirty,local,current_thread_interleaving,1,500,3000,20,flat,phase,send_no_receivers,1x1/100key_100msg/u64,12.042,14.562,16.517,1275
panic-fix-clone-sender,28331fd-dirty,local,current_thread_interleaving,1,500,3000,20,flat,phase,send_with_receivers/arc_sender,1x1/100key_100msg/u64,42.483,45.729,55.587,1275
panic-fix-clone-sender,28331fd-dirty,local,current_thread_interleaving,1,500,3000,20,flat,phase,send_with_receivers/clone_sender,1x1/100key_100msg/u64,46.250,49.504,59.133,1275
panic-fix-clone-sender,28331fd-dirty,local,current_thread_interleaving,1,500,3000,20,flat,phase,send_with_receivers/guard_held,1x1/100key_100msg/u64,41.000,44.312,54.154,1275
panic-fix-clone-sender,28331fd-dirty,local,current_thread_interleaving,1,500,3000,20,flat,phase,send_with_receivers/rc_sender,1x1/100key_100msg/u64,42.292,46.013,55.754,1275
panic-fix-clone-sender,28331fd-dirty,local,current_thread_interleaving,1,500,3000,20,flat,phase,subscribe,1x1/100key_100msg/u64,405.830,416.250,469.170,1275
panic-fix-clone-sender,28331fd-dirty,local,current_thread_interleaving,1,500,3000,20,flat,phase,create,1x1/10key_1000msg/DropValue,29.100,33.400,62.500,1295
panic-fix-clone-sender,28331fd-dirty,local,current_thread_interleaving,1,500,3000,20,flat,phase,drop,1x1/10key_1000msg/DropValue,17879.100,17979.200,20462.500,1295
panic-fix-clone-sender,28331fd-dirty,local,current_thread_interleaving,1,500,3000,20,flat,phase,recv,1x1/10key_1000msg/DropValue,17.082,17.390,19.752,1295
panic-fix-clone-sender,28331fd-dirty,local,current_thread_interleaving,1,500,3000,20,flat,phase,send_no_receivers,1x1/10key_1000msg/DropValue,11.938,12.496,16.179,1295
panic-fix-clone-sender,28331fd-dirty,local,current_thread_interleaving,1,500,3000,20,flat,phase,send_with_receivers/arc_sender,1x1/10key_1000msg/DropValue,41.312,42.817,53.737,1295
panic-fix-clone-sender,28331fd-dirty,local,current_thread_interleaving,1,500,3000,20,flat,phase,send_with_receivers/clone_sender,1x1/10key_1000msg/DropValue,46.013,46.846,57.171,1295
panic-fix-clone-sender,28331fd-dirty,local,current_thread_interleaving,1,500,3000,20,flat,phase,send_with_receivers/guard_held,1x1/10key_1000msg/DropValue,39.950,41.587,52.250,1295
panic-fix-clone-sender,28331fd-dirty,local,current_thread_interleaving,1,500,3000,20,flat,phase,send_with_receivers/rc_sender,1x1/10key_1000msg/DropValue,41.150,42.712,53.546,1295
panic-fix-clone-sender,28331fd-dirty,local,current_thread_interleaving,1,500,3000,20,flat,phase,subscribe,1x1/10key_1000msg/DropValue,2000.000,2058.300,2408.400,1295
panic-fix-clone-sender,28331fd-dirty,local,current_thread_interleaving,1,500,3000,20,flat,phase,create,1x1/10key_1000msg/String,33.300,45.800,83.300,567
panic-fix-clone-sender,28331fd-dirty,local,current_thread_interleaving,1,500,3000,20,flat,phase,drop,1x1/10key_1000msg/String,17562.500,18316.700,43325.000,567
panic-fix-clone-sender,28331fd-dirty,local,current_thread_interleaving,1,500,3000,20,flat,phase,recv,1x1/10key_1000msg/String,51.059,53.676,67.883,567
panic-fix-clone-sender,28331fd-dirty,local,current_thread_interleaving,1,500,3000,20,flat,phase,send_no_receivers,1x1/10key_1000msg/String,69.300,72.879,81.354,567
panic-fix-clone-sender,28331fd-dirty,local,current_thread_interleaving,1,500,3000,20,flat,phase,send_with_receivers/arc_sender,1x1/10key_1000msg/String,90.425,93.812,113.283,567
panic-fix-clone-sender,28331fd-dirty,local,current_thread_interleaving,1,500,3000,20,flat,phase,send_with_receivers/clone_sender,1x1/10key_1000msg/String,93.800,97.133,117.888,567
panic-fix-clone-sender,28331fd-dirty,local,current_thread_interleaving,1,500,3000,20,flat,phase,send_with_receivers/guard_held,1x1/10key_1000msg/String,87.717,91.042,109.829,567
panic-fix-clone-sender,28331fd-dirty,local,current_thread_interleaving,1,500,3000,20,flat,phase,send_with_receivers/rc_sender,1x1/10key_1000msg/String,89.733,92.717,112.975,567
panic-fix-clone-sender,28331fd-dirty,local,current_thread_interleaving,1,500,3000,20,flat,phase,subscribe,1x1/10key_1000msg/String,2754.200,2908.300,3404.200,567
panic-fix-clone-sender,28331fd-dirty,local,current_thread_interleaving,1,500,3000,20,flat,phase,create,1x1/10key_1000msg/u64,29.100,33.400,62.500,1315
panic-fix-clone-sender,28331fd-dirty,local,current_thread_interleaving,1,500,3000,20,flat,phase,drop,1x1/10key_1000msg/u64,16604.100,16795.800,21145.800,1315
panic-fix-clone-sender,28331fd-dirty,local,current_thread_interleaving,1,500,3000,20,flat,phase,recv,1x1/10key_1000msg/u64,14.980,15.305,22.993,1315
panic-fix-clone-sender,28331fd-dirty,local,current_thread_interleaving,1,500,3000,20,flat,phase,send_no_receivers,1x1/10key_1000msg/u64,11.096,11.817,15.037,1315
panic-fix-clone-sender,28331fd-dirty,local,current_thread_interleaving,1,500,3000,20,flat,phase,send_with_receivers/arc_sender,1x1/10key_1000msg/u64,41.013,42.925,53.862,1315
panic-fix-clone-sender,28331fd-dirty,local,current_thread_interleaving,1,500,3000,20,flat,phase,send_with_receivers/clone_sender,1x1/10key_1000msg/u64,45.938,47.150,57.304,1315
panic-fix-clone-sender,28331fd-dirty,local,current_thread_interleaving,1,500,3000,20,flat,phase,send_with_receivers/guard_held,1x1/10key_1000msg/u64,39.892,41.792,52.346,1315
panic-fix-clone-sender,28331fd-dirty,local,current_thread_interleaving,1,500,3000,20,flat,phase,send_with_receivers/rc_sender,1x1/10key_1000msg/u64,41.112,42.792,53.829,1315
panic-fix-clone-sender,28331fd-dirty,local,current_thread_interleaving,1,500,3000,20,flat,phase,subscribe,1x1/10key_1000msg/u64,2008.300,2066.700,2558.300,1315
panic-fix-clone-sender,28331fd-dirty,local,current_thread_interleaving,1,500,3000,20,flat,phase,create,1x1/1key_10000msg/DropValue,29.200,37.500,83.400,1255
panic-fix-clone-sender,28331fd-dirty,local,current_thread_interleaving,1,500,3000,20,flat,phase,drop,1x1/1key_10000msg/DropValue,281666.000,288500.000,323917.000,1255
panic-fix-clone-sender,28331fd-dirty,local,current_thread_interleaving,1,500,3000,20,flat,phase,recv,1x1/1key_10000msg/DropValue,16.959,17.548,19.396,1255
panic-fix-clone-sender,28331fd-dirty,local,current_thread_interleaving,1,500,3000,20,flat,phase,send_no_receivers,1x1/1key_10000msg/DropValue,11.954,12.279,14.283,1255
panic-fix-clone-sender,28331fd-dirty,local,current_thread_interleaving,1,500,3000,20,flat,phase,send_with_receivers/arc_sender,1x1/1key_10000msg/DropValue,40.583,47.337,55.004,1255
panic-fix-clone-sender,28331fd-dirty,local,current_thread_interleaving,1,500,3000,20,flat,phase,send_with_receivers/clone_sender,1x1/1key_10000msg/DropValue,44.992,51.075,61.571,1255
panic-fix-clone-sender,28331fd-dirty,local,current_thread_interleaving,1,500,3000,20,flat,phase,send_with_receivers/guard_held,1x1/1key_10000msg/DropValue,39.133,46.337,54.021,1255
panic-fix-clone-sender,28331fd-dirty,local,current_thread_interleaving,1,500,3000,20,flat,phase,send_with_receivers/rc_sender,1x1/1key_10000msg/DropValue,40.492,47.296,54.900,1255
panic-fix-clone-sender,28331fd-dirty,local,current_thread_interleaving,1,500,3000,20,flat,phase,subscribe,1x1/1key_10000msg/DropValue,27958.000,30125.000,35750.000,1255
panic-fix-clone-sender,28331fd-dirty,local,current_thread_interleaving,1,500,3000,20,flat,phase,create,1x1/1key_10000msg/String,29.200,41.700,75.000,527
panic-fix-clone-sender,28331fd-dirty,local,current_thread_interleaving,1,500,3000,20,flat,phase,drop,1x1/1key_10000msg/String,276667.000,282541.000,311875.000,527
panic-fix-clone-sender,28331fd-dirty,local,current_thread_interleaving,1,500,3000,20,flat,phase,recv,1x1/1key_10000msg/String,54.510,56.025,58.743,527
panic-fix-clone-sender,28331fd-dirty,local,current_thread_interleaving,1,500,3000,20,flat,phase,send_no_receivers,1x1/1key_10000msg/String,69.246,70.396,75.062,527
panic-fix-clone-sender,28331fd-dirty,local,current_thread_interleaving,1,500,3000,20,flat,phase,send_with_receivers/arc_sender,1x1/1key_10000msg/String,89.754,102.458,130.308,527
panic-fix-clone-sender,28331fd-dirty,local,current_thread_interleaving,1,500,3000,20,flat,phase,send_with_receivers/clone_sender,1x1/1key_10000msg/String,93.242,116.571,137.637,527
panic-fix-clone-sender,28331fd-dirty,local,current_thread_interleaving,1,500,3000,20,flat,phase,send_with_receivers/guard_held,1x1/1key_10000msg/String,87.204,99.421,112.283,527
panic-fix-clone-sender,28331fd-dirty,local,current_thread_interleaving,1,500,3000,20,flat,phase,send_with_receivers/rc_sender,1x1/1key_10000msg/String,89.221,104.067,128.158,527
panic-fix-clone-sender,28331fd-dirty,local,current_thread_interleaving,1,500,3000,20,flat,phase,subscribe,1x1/1key_10000msg/String,39834.000,41375.000,46750.000,527
panic-fix-clone-sender,28331fd-dirty,local,current_thread_interleaving,1,500,3000,20,flat,phase,create,1x1/1key_10000msg/u64,29.100,33.400,50.000,1315
panic-fix-clone-sender,28331fd-dirty,local,current_thread_interleaving,1,500,3000,20,flat,phase,drop,1x1/1key_10000msg/u64,261500.000,262833.000,282959.000,1315
panic-fix-clone-sender,28331fd-dirty,local,current_thread_interleaving,1,500,3000,20,flat,phase,recv,1x1/1key_10000msg/u64,14.842,15.027,15.903,1315
panic-fix-clone-sender,28331fd-dirty,local,current_thread_interleaving,1,500,3000,20,flat,phase,send_no_receivers,1x1/1key_10000msg/u64,11.050,11.479,12.312,1315
panic-fix-clone-sender,28331fd-dirty,local,current_thread_interleaving,1,500,3000,20,flat,phase,send_with_receivers/arc_sender,1x1/1key_10000msg/u64,40.038,45.079,52.112,1315
panic-fix-clone-sender,28331fd-dirty,local,current_thread_interleaving,1,500,3000,20,flat,phase,send_with_receivers/clone_sender,1x1/1key_10000msg/u64,45.096,50.904,56.100,1315
panic-fix-clone-sender,28331fd-dirty,local,current_thread_interleaving,1,500,3000,20,flat,phase,send_with_receivers/guard_held,1x1/1key_10000msg/u64,38.996,45.438,51.079,1315
panic-fix-clone-sender,28331fd-dirty,local,current_thread_interleaving,1,500,3000,20,flat,phase,send_with_receivers/rc_sender,1x1/1key_10000msg/u64,40.271,45.696,51.962,1315
panic-fix-clone-sender,28331fd-dirty,local,current_thread_interleaving,1,500,3000,20,flat,phase,subscribe,1x1/1key_10000msg/u64,27916.000,29500.000,32708.000,1315
panic-fix-clone-sender,28331fd-dirty,local,current_thread_interleaving,1,500,3000,20,flat,phase,create,1x16/10000key_1msg/DropValue,37.500,79.200,104.200,151
panic-fix-clone-sender,28331fd-dirty,local,current_thread_interleaving,1,500,3000,20,flat,phase,drop,1x16/10000key_1msg/DropValue,44.500,46.295,48.301,151
panic-fix-clone-sender,28331fd-dirty,local,current_thread_interleaving,1,500,3000,20,flat,phase,recv,1x16/10000key_1msg/DropValue,17.870,18.466,19.183,151
panic-fix-clone-sender,28331fd-dirty,local,current_thread_interleaving,1,500,3000,20,flat,phase,send_no_receivers,1x16/10000key_1msg/DropValue,16.717,18.496,23.171,151
panic-fix-clone-sender,28331fd-dirty,local,current_thread_interleaving,1,500,3000,20,flat,phase,send_with_receivers/arc_sender,1x16/10000key_1msg/DropValue,50.888,62.733,83.071,151
panic-fix-clone-sender,28331fd-dirty,local,current_thread_interleaving,1,500,3000,20,flat,phase,send_with_receivers/clone_sender,1x16/10000key_1msg/DropValue,53.992,66.571,83.608,151
panic-fix-clone-sender,28331fd-dirty,local,current_thread_interleaving,1,500,3000,20,flat,phase,send_with_receivers/guard_held,1x16/10000key_1msg/DropValue,48.867,61.292,82.967,151
panic-fix-clone-sender,28331fd-dirty,local,current_thread_interleaving,1,500,3000,20,flat,phase,send_with_receivers/rc_sender,1x16/10000key_1msg/DropValue,50.775,65.225,85.092,151
panic-fix-clone-sender,28331fd-dirty,local,current_thread_interleaving,1,500,3000,20,flat,phase,subscribe,1x16/10000key_1msg/DropValue,34.012,36.336,38.171,151
panic-fix-clone-sender,28331fd-dirty,local,current_thread_interleaving,1,500,3000,20,flat,phase,create,1x16/10000key_1msg/String,45.900,79.100,104.200,75
panic-fix-clone-sender,28331fd-dirty,local,current_thread_interleaving,1,500,3000,20,flat,phase,drop,1x16/10000key_1msg/String,44.955,47.190,49.232,75
panic-fix-clone-sender,28331fd-dirty,local,current_thread_interleaving,1,500,3000,20,flat,phase,recv,1x16/10000key_1msg/String,46.650,47.620,48.751,75
panic-fix-clone-sender,28331fd-dirty,local,current_thread_interleaving,1,500,3000,20,flat,phase,send_no_receivers,1x16/10000key_1msg/String,74.767,78.954,90.625,75
panic-fix-clone-sender,28331fd-dirty,local,current_thread_interleaving,1,500,3000,20,flat,phase,send_with_receivers/arc_sender,1x16/10000key_1msg/String,104.363,129.121,200.996,75
panic-fix-clone-sender,28331fd-dirty,local,current_thread_interleaving,1,500,3000,20,flat,phase,send_with_receivers/clone_sender,1x16/10000key_1msg/String,104.217,126.692,145.704,75
panic-fix-clone-sender,28331fd-dirty,local,current_thread_interleaving,1,500,3000,20,flat,phase,send_with_receivers/guard_held,1x16/10000key_1msg/String,100.062,121.554,170.725,75
panic-fix-clone-sender,28331fd-dirty,local,current_thread_interleaving,1,500,3000,20,flat,phase,send_with_receivers/rc_sender,1x16/10000key_1msg/String,105.275,123.871,152.342,75
panic-fix-clone-sender,28331fd-dirty,local,current_thread_interleaving,1,500,3000,20,flat,phase,subscribe,1x16/10000key_1msg/String,34.666,36.262,38.014,75
panic-fix-clone-sender,28331fd-dirty,local,current_thread_interleaving,1,500,3000,20,flat,phase,create,1x16/10000key_1msg/u64,37.500,70.900,87.500,151
panic-fix-clone-sender,28331fd-dirty,local,current_thread_interleaving,1,500,3000,20,flat,phase,drop,1x16/10000key_1msg/u64,44.358,45.397,47.516,151
panic-fix-clone-sender,28331fd-dirty,local,current_thread_interleaving,1,500,3000,20,flat,phase,recv,1x16/10000key_1msg/u64,16.371,16.721,17.254,151
panic-fix-clone-sender,28331fd-dirty,local,current_thread_interleaving,1,500,3000,20,flat,phase,send_no_receivers,1x16/10000key_1msg/u64,15.383,16.796,20.483,151
panic-fix-clone-sender,28331fd-dirty,local,current_thread_interleaving,1,500,3000,20,flat,phase,send_with_receivers/arc_sender,1x16/10000key_1msg/u64,51.338,61.121,78.912,151
panic-fix-clone-sender,28331fd-dirty,local,current_thread_interleaving,1,500,3000,20,flat,phase,send_with_receivers/clone_sender,1x16/10000key_1msg/u64,54.883,66.633,78.983,151
panic-fix-clone-sender,28331fd-dirty,local,current_thread_interleaving,1,500,3000,20,flat,phase,send_with_receivers/guard_held,1x16/10000key_1msg/u64,49.317,60.083,78.275,151
panic-fix-clone-sender,28331fd-dirty,local,current_thread_interleaving,1,500,3000,20,flat,phase,send_with_receivers/rc_sender,1x16/10000key_1msg/u64,51.333,63.467,80.425,151
panic-fix-clone-sender,28331fd-dirty,local,current_thread_interleaving,1,500,3000,20,flat,phase,subscribe,1x16/10000key_1msg/u64,33.580,35.728,38.226,151
panic-fix-clone-sender,28331fd-dirty,local,current_thread_interleaving,1,500,3000,20,flat,phase,create,1x16/1000key_10msg/DropValue,41.600,62.500,95.800,263
panic-fix-clone-sender,28331fd-dirty,local,current_thread_interleaving,1,500,3000,20,flat,phase,drop,1x16/1000key_10msg/DropValue,59.435,61.195,68.677,263
panic-fix-clone-sender,28331fd-dirty,local,current_thread_interleaving,1,500,3000,20,flat,phase,recv,1x16/1000key_10msg/DropValue,16.779,16.989,17.636,263
panic-fix-clone-sender,28331fd-dirty,local,current_thread_interleaving,1,500,3000,20,flat,phase,send_no_receivers,1x16/1000key_10msg/DropValue,13.213,14.275,15.767,263
panic-fix-clone-sender,28331fd-dirty,local,current_thread_interleaving,1,500,3000,20,flat,phase,send_with_receivers/arc_sender,1x16/1000key_10msg/DropValue,47.508,51.579,61.133,263
panic-fix-clone-sender,28331fd-dirty,local,current_thread_interleaving,1,500,3000,20,flat,phase,send_with_receivers/clone_sender,1x16/1000key_10msg/DropValue,50.575,56.904,64.729,263
panic-fix-clone-sender,28331fd-dirty,local,current_thread_interleaving,1,500,3000,20,flat,phase,send_with_receivers/guard_held,1x16/1000key_10msg/DropValue,44.754,50.621,59.850,263
panic-fix-clone-sender,28331fd-dirty,local,current_thread_interleaving,1,500,3000,20,flat,phase,send_with_receivers/rc_sender,1x16/1000key_10msg/DropValue,47.388,52.742,61.017,263
panic-fix-clone-sender,28331fd-dirty,local,current_thread_interleaving,1,500,3000,20,flat,phase,subscribe,1x16/1000key_10msg/DropValue,34.203,38.112,41.896,263
panic-fix-clone-sender,28331fd-dirty,local,current_thread_interleaving,1,500,3000,20,flat,phase,create,1x16/1000key_10msg/String,33.400,70.800,91.700,115
panic-fix-clone-sender,28331fd-dirty,local,current_thread_interleaving,1,500,3000,20,flat,phase,drop,1x16/1000key_10msg/String,59.516,62.594,69.430,115
panic-fix-clone-sender,28331fd-dirty,local,current_thread_interleaving,1,500,3000,20,flat,phase,recv,1x16/1000key_10msg/String,45.603,46.392,47.762,115
panic-fix-clone-sender,28331fd-dirty,local,current_thread_interleaving,1,500,3000,20,flat,phase,send_no_receivers,1x16/1000key_10msg/String,71.546,73.487,78.317,115
panic-fix-clone-sender,28331fd-dirty,local,current_thread_interleaving,1,500,3000,20,flat,phase,send_with_receivers/arc_sender,1x16/1000key_10msg/String,94.642,105.812,123.925,115
panic-fix-clone-sender,28331fd-dirty,local,current_thread_interleaving,1,500,3000,20,flat,phase,send_with_receivers/clone_sender,1x16/1000key_10msg/String,98.037,111.200,128.637,115
panic-fix-clone-sender,28331fd-dirty,local,current_thread_interleaving,1,500,3000,20,flat,phase,send_with_receivers/guard_held,1x16/1000key_10msg/String,91.717,108.667,120.604,115
panic-fix-clone-sender,28331fd-dirty,local,current_thread_interleaving,1,500,3000,20,flat,phase,send_with_receivers/rc_sender,1x16/1000key_10msg/String,94.408,106.883,122.725,115
panic-fix-clone-sender,28331fd-dirty,local,current_thread_interleaving,1,500,3000,20,flat,phase,subscribe,1x16/1000key_10msg/String,35.349,39.107,43.706,115
panic-fix-clone-sender,28331fd-dirty,local,current_thread_interleaving,1,500,3000,20,flat,phase,create,1x16/1000key_10msg/u64,37.500,54.200,75.000,283
panic-fix-clone-sender,28331fd-dirty,local,current_thread_interleaving,1,500,3000,20,flat,phase,drop,1x16/1000key_10msg/u64,58.099,60.200,66.612,283
panic-fix-clone-sender,28331fd-dirty,local,current_thread_interleaving,1,500,3000,20,flat,phase,recv,1x16/1000key_10msg/u64,15.108,15.395,16.086,283
panic-fix-clone-sender,28331fd-dirty,local,current_thread_interleaving,1,500,3000,20,flat,phase,send_no_receivers,1x16/1000key_10msg/u64,12.129,13.300,14.688,283
panic-fix-clone-sender,28331fd-dirty,local,current_thread_interleaving,1,500,3000,20,flat,phase,send_with_receivers/arc_sender,1x16/1000key_10msg/u64,47.171,52.367,59.913,283
panic-fix-clone-sender,28331fd-dirty,local,current_thread_interleaving,1,500,3000,20,flat,phase,send_with_receivers/clone_sender,1x16/1000key_10msg/u64,50.479,55.996,63.200,283
panic-fix-clone-sender,28331fd-dirty,local,current_thread_interleaving,1,500,3000,20,flat,phase,send_with_receivers/guard_held,1x16/1000key_10msg/u64,44.725,50.167,61.038,283
panic-fix-clone-sender,28331fd-dirty,local,current_thread_interleaving,1,500,3000,20,flat,phase,send_with_receivers/rc_sender,1x16/1000key_10msg/u64,47.138,53.004,61.938,283
panic-fix-clone-sender,28331fd-dirty,local,current_thread_interleaving,1,500,3000,20,flat,phase,subscribe,1x16/1000key_10msg/u64,34.180,38.398,42.214,283
panic-fix-clone-sender,28331fd-dirty,local,current_thread_interleaving,1,500,3000,20,flat,phase,create,1x16/100key_100msg/DropValue,33.300,54.100,83.300,303
panic-fix-clone-sender,28331fd-dirty,local,current_thread_interleaving,1,500,3000,20,flat,phase,drop,1x16/100key_100msg/DropValue,179.609,186.536,261.953,303
panic-fix-clone-sender,28331fd-dirty,local,current_thread_interleaving,1,500,3000,20,flat,phase,recv,1x16/100key_100msg/DropValue,16.040,16.334,17.010,303
panic-fix-clone-sender,28331fd-dirty,local,current_thread_interleaving,1,500,3000,20,flat,phase,send_no_receivers,1x16/100key_100msg/DropValue,14.613,18.308,20.363,303
panic-fix-clone-sender,28331fd-dirty,local,current_thread_interleaving,1,500,3000,20,flat,phase,send_with_receivers/arc_sender,1x16/100key_100msg/DropValue,42.817,46.517,57.067,303
panic-fix-clone-sender,28331fd-dirty,local,current_thread_interleaving,1,500,3000,20,flat,phase,send_with_receivers/clone_sender,1x16/100key_100msg/DropValue,46.496,50.133,60.408,303
panic-fix-clone-sender,28331fd-dirty,local,current_thread_interleaving,1,500,3000,20,flat,phase,send_with_receivers/guard_held,1x16/100key_100msg/DropValue,41.312,45.421,56.471,303
panic-fix-clone-sender,28331fd-dirty,local,current_thread_interleaving,1,500,3000,20,flat,phase,send_with_receivers/rc_sender,1x16/100key_100msg/DropValue,42.754,46.288,56.700,303
panic-fix-clone-sender,28331fd-dirty,local,current_thread_interleaving,1,500,3000,20,flat,phase,subscribe,1x16/100key_100msg/DropValue,45.807,51.302,58.958,303
panic-fix-clone-sender,28331fd-dirty,local,current_thread_interleaving,1,500,3000,20,flat,phase,create,1x16/100key_100msg/String,41.600,70.800,83.400,115
panic-fix-clone-sender,28331fd-dirty,local,current_thread_interleaving,1,500,3000,20,flat,phase,drop,1x16/100key_100msg/String,178.619,200.833,296.979,115
panic-fix-clone-sender,28331fd-dirty,local,current_thread_interleaving,1,500,3000,20,flat,phase,recv,1x16/100key_100msg/String,44.770,46.215,48.405,115
panic-fix-clone-sender,28331fd-dirty,local,current_thread_interleaving,1,500,3000,20,flat,phase,send_no_receivers,1x16/100key_100msg/String,78.446,85.237,96.142,115
panic-fix-clone-sender,28331fd-dirty,local,current_thread_interleaving,1,500,3000,20,flat,phase,send_with_receivers/arc_sender,1x16/100key_100msg/String,91.579,98.562,113.317,115
panic-fix-clone-sender,28331fd-dirty,local,current_thread_interleaving,1,500,3000,20,flat,phase,send_with_receivers/clone_sender,1x16/100key_100msg/String,94.696,105.258,118.008,115
panic-fix-clone-sender,28331fd-dirty,local,current_thread_interleaving,1,500,3000,20,flat,phase,send_with_receivers/guard_held,1x16/100key_100msg/String,88.654,103.138,116.225,115
panic-fix-clone-sender,28331fd-dirty,local,current_thread_interleaving,1,500,3000,20,flat,phase,send_with_receivers/rc_sender,1x16/100key_100msg/String,91.562,100.912,114.871,115
panic-fix-clone-sender,28331fd-dirty,local,current_thread_interleaving,1,500,3000,20,flat,phase,subscribe,1x16/100key_100msg/String,53.281,58.828,66.406,115
panic-fix-clone-sender,28331fd-dirty,local,current_thread_interleaving,1,500,3000,20,flat,phase,create,1x16/100key_100msg/u64,33.300,50.000,75.000,303
panic-fix-clone-sender,28331fd-dirty,local,current_thread_interleaving,1,500,3000,20,flat,phase,drop,1x16/100key_100msg/u64,165.886,181.119,297.266,303
panic-fix-clone-sender,28331fd-dirty,local,current_thread_interleaving,1,500,3000,20,flat,phase,recv,1x16/100key_100msg/u64,14.563,15.188,16.331,303
panic-fix-clone-sender,28331fd-dirty,local,current_thread_interleaving,1,500,3000,20,flat,phase,send_no_receivers,1x16/100key_100msg/u64,12.363,14.779,17.204,303
panic-fix-clone-sender,28331fd-dirty,local,current_thread_interleaving,1,500,3000,20,flat,phase,send_with_receivers/arc_sender,1x16/100key_100msg/u64,42.413,46.800,56.458,303
panic-fix-clone-sender,28331fd-dirty,local,current_thread_interleaving,1,500,3000,20,flat,phase,send_with_receivers/clone_sender,1x16/100key_100msg/u64,46.379,51.362,60.529,303
panic-fix-clone-sender,28331fd-dirty,local,current_thread_interleaving,1,500,3000,20,flat,phase,send_with_receivers/guard_held,1x16/100key_100msg/u64,41.217,45.483,56.258,303
panic-fix-clone-sender,28331fd-dirty,local,current_thread_interleaving,1,500,3000,20,flat,phase,send_with_receivers/rc_sender,1x16/100key_100msg/u64,42.587,47.638,58.708,303
panic-fix-clone-sender,28331fd-dirty,local,current_thread_interleaving,1,500,3000,20,flat,phase,subscribe,1x16/100key_100msg/u64,45.755,51.927,62.708,303
panic-fix-clone-sender,28331fd-dirty,local,current_thread_interleaving,1,500,3000,20,flat,phase,create,1x16/10key_1000msg/DropValue,33.300,50.000,83.400,303
panic-fix-clone-sender,28331fd-dirty,local,current_thread_interleaving,1,500,3000,20,flat,phase,drop,1x16/10key_1000msg/DropValue,1148.175,1233.331,2965.100,303
panic-fix-clone-sender,28331fd-dirty,local,current_thread_interleaving,1,500,3000,20,flat,phase,recv,1x16/10key_1000msg/DropValue,16.168,16.862,17.960,303
panic-fix-clone-sender,28331fd-dirty,local,current_thread_interleaving,1,500,3000,20,flat,phase,send_no_receivers,1x16/10key_1000msg/DropValue,12.067,12.825,16.929,303
panic-fix-clone-sender,28331fd-dirty,local,current_thread_interleaving,1,500,3000,20,flat,phase,send_with_receivers/arc_sender,1x16/10key_1000msg/DropValue,41.621,43.554,54.008,303
panic-fix-clone-sender,28331fd-dirty,local,current_thread_interleaving,1,500,3000,20,flat,phase,send_with_receivers/clone_sender,1x16/10key_1000msg/DropValue,46.046,48.108,57.142,303
panic-fix-clone-sender,28331fd-dirty,local,current_thread_interleaving,1,500,3000,20,flat,phase,send_with_receivers/guard_held,1x16/10key_1000msg/DropValue,39.896,42.225,52.650,303
panic-fix-clone-sender,28331fd-dirty,local,current_thread_interleaving,1,500,3000,20,flat,phase,send_with_receivers/rc_sender,1x16/10key_1000msg/DropValue,41.179,43.671,54.300,303
panic-fix-clone-sender,28331fd-dirty,local,current_thread_interleaving,1,500,3000,20,flat,phase,subscribe,1x16/10key_1000msg/DropValue,145.831,163.806,203.387,303
panic-fix-clone-sender,28331fd-dirty,local,current_thread_interleaving,1,500,3000,20,flat,phase,create,1x16/10key_1000msg/String,37.500,58.400,79.200,115
panic-fix-clone-sender,28331fd-dirty,local,current_thread_interleaving,1,500,3000,20,flat,phase,drop,1x16/10key_1000msg/String,1132.031,1217.188,2633.075,115
panic-fix-clone-sender,28331fd-dirty,local,current_thread_interleaving,1,500,3000,20,flat,phase,recv,1x16/10key_1000msg/String,44.647,45.061,48.003,115
panic-fix-clone-sender,28331fd-dirty,local,current_thread_interleaving,1,500,3000,20,flat,phase,send_no_receivers,1x16/10key_1000msg/String,69.338,72.117,79.071,115
panic-fix-clone-sender,28331fd-dirty,local,current_thread_interleaving,1,500,3000,20,flat,phase,send_with_receivers/arc_sender,1x16/10key_1000msg/String,90.421,92.067,108.167,115
panic-fix-clone-sender,28331fd-dirty,local,current_thread_interleaving,1,500,3000,20,flat,phase,send_with_receivers/clone_sender,1x16/10key_1000msg/String,93.883,96.142,114.037,115
panic-fix-clone-sender,28331fd-dirty,local,current_thread_interleaving,1,500,3000,20,flat,phase,send_with_receivers/guard_held,1x16/10key_1000msg/String,87.721,92.108,108.142,115
panic-fix-clone-sender,28331fd-dirty,local,current_thread_interleaving,1,500,3000,20,flat,phase,send_with_receivers/rc_sender,1x16/10key_1000msg/String,89.737,91.608,109.246,115
panic-fix-clone-sender,28331fd-dirty,local,current_thread_interleaving,1,500,3000,20,flat,phase,subscribe,1x16/10key_1000msg/String,194.794,210.938,239.062,115
panic-fix-clone-sender,28331fd-dirty,local,current_thread_interleaving,1,500,3000,20,flat,phase,create,1x16/10key_1000msg/u64,33.300,45.900,66.600,323
panic-fix-clone-sender,28331fd-dirty,local,current_thread_interleaving,1,500,3000,20,flat,phase,drop,1x16/10key_1000msg/u64,1063.544,1092.969,1407.812,323
panic-fix-clone-sender,28331fd-dirty,local,current_thread_interleaving,1,500,3000,20,flat,phase,recv,1x16/10key_1000msg/u64,14.726,14.930,15.661,323
panic-fix-clone-sender,28331fd-dirty,local,current_thread_interleaving,1,500,3000,20,flat,phase,send_no_receivers,1x16/10key_1000msg/u64,11.050,11.767,14.725,323
panic-fix-clone-sender,28331fd-dirty,local,current_thread_interleaving,1,500,3000,20,flat,phase,send_with_receivers/arc_sender,1x16/10key_1000msg/u64,41.233,42.492,52.383,323
panic-fix-clone-sender,28331fd-dirty,local,current_thread_interleaving,1,500,3000,20,flat,phase,send_with_receivers/clone_sender,1x16/10key_1000msg/u64,45.967,46.975,56.354,323
panic-fix-clone-sender,28331fd-dirty,local,current_thread_interleaving,1,500,3000,20,flat,phase,send_with_receivers/guard_held,1x16/10key_1000msg/u64,39.888,41.388,51.538,323
panic-fix-clone-sender,28331fd-dirty,local,current_thread_interleaving,1,500,3000,20,flat,phase,send_with_receivers/rc_sender,1x16/10key_1000msg/u64,41.283,42.554,52.617,323
panic-fix-clone-sender,28331fd-dirty,local,current_thread_interleaving,1,500,3000,20,flat,phase,subscribe,1x16/10key_1000msg/u64,146.875,157.031,186.975,323
panic-fix-clone-sender,28331fd-dirty,local,current_thread_interleaving,1,500,3000,20,flat,phase,create,1x16/1key_10000msg/DropValue,33.300,54.100,87.500,303
panic-fix-clone-sender,28331fd-dirty,local,current_thread_interleaving,1,500,3000,20,flat,phase,drop,1x16/1key_10000msg/DropValue,17638.062,18114.562,20518.250,303
panic-fix-clone-sender,28331fd-dirty,local,current_thread_interleaving,1,500,3000,20,flat,phase,recv,1x16/1key_10000msg/DropValue,16.101,16.449,16.894,303
panic-fix-clone-sender,28331fd-dirty,local,current_thread_interleaving,1,500,3000,20,flat,phase,send_no_receivers,1x16/1key_10000msg/DropValue,11.967,12.167,13.283,303
panic-fix-clone-sender,28331fd-dirty,local,current_thread_interleaving,1,500,3000,20,flat,phase,send_with_receivers/arc_sender,1x16/1key_10000msg/DropValue,40.546,47.454,53.663,303
panic-fix-clone-sender,28331fd-dirty,local,current_thread_interleaving,1,500,3000,20,flat,phase,send_with_receivers/clone_sender,1x16/1key_10000msg/DropValue,45.246,51.175,58.871,303
panic-fix-clone-sender,28331fd-dirty,local,current_thread_interleaving,1,500,3000,20,flat,phase,send_with_receivers/guard_held,1x16/1key_10000msg/DropValue,39.171,46.304,51.804,303
panic-fix-clone-sender,28331fd-dirty,local,current_thread_interleaving,1,500,3000,20,flat,phase,send_with_receivers/rc_sender,1x16/1key_10000msg/DropValue,40.471,47.371,52.946,303
panic-fix-clone-sender,28331fd-dirty,local,current_thread_interleaving,1,500,3000,20,flat,phase,subscribe,1x16/1key_10000msg/DropValue,1781.250,1921.875,2273.438,303
panic-fix-clone-sender,28331fd-dirty,local,current_thread_interleaving,1,500,3000,20,flat,phase,create,1x16/1key_10000msg/String,37.500,62.500,87.500,115
panic-fix-clone-sender,28331fd-dirty,local,current_thread_interleaving,1,500,3000,20,flat,phase,drop,1x16/1key_10000msg/String,17354.125,18263.000,20437.500,115
panic-fix-clone-sender,28331fd-dirty,local,current_thread_interleaving,1,500,3000,20,flat,phase,recv,1x16/1key_10000msg/String,44.701,45.500,46.195,115
panic-fix-clone-sender,28331fd-dirty,local,current_thread_interleaving,1,500,3000,20,flat,phase,send_no_receivers,1x16/1key_10000msg/String,69.463,70.412,75.254,115
panic-fix-clone-sender,28331fd-dirty,local,current_thread_interleaving,1,500,3000,20,flat,phase,send_with_receivers/arc_sender,1x16/1key_10000msg/String,90.017,96.692,123.379,115
panic-fix-clone-sender,28331fd-dirty,local,current_thread_interleaving,1,500,3000,20,flat,phase,send_with_receivers/clone_sender,1x16/1key_10000msg/String,93.446,118.092,140.367,115
panic-fix-clone-sender,28331fd-dirty,local,current_thread_interleaving,1,500,3000,20,flat,phase,send_with_receivers/guard_held,1x16/1key_10000msg/String,87.217,101.171,112.683,115
panic-fix-clone-sender,28331fd-dirty,local,current_thread_interleaving,1,500,3000,20,flat,phase,send_with_receivers/rc_sender,1x16/1key_10000msg/String,89.258,96.513,124.242,115
panic-fix-clone-sender,28331fd-dirty,local,current_thread_interleaving,1,500,3000,20,flat,phase,subscribe,1x16/1key_10000msg/String,2544.250,2718.750,3354.188,115
panic-fix-clone-sender,28331fd-dirty,local,current_thread_interleaving,1,500,3000,20,flat,phase,create,1x16/1key_10000msg/u64,29.200,50.000,70.800,323
panic-fix-clone-sender,28331fd-dirty,local,current_thread_interleaving,1,500,3000,20,flat,phase,drop,1x16/1key_10000msg/u64,16372.375,16804.688,19205.750,323
panic-fix-clone-sender,28331fd-dirty,local,current_thread_interleaving,1,500,3000,20,flat,phase,recv,1x16/1key_10000msg/u64,14.732,14.967,15.416,323
panic-fix-clone-sender,28331fd-dirty,local,current_thread_interleaving,1,500,3000,20,flat,phase,send_no_receivers,1x16/1key_10000msg/u64,11.042,11.467,13.225,323
panic-fix-clone-sender,28331fd-dirty,local,current_thread_interleaving,1,500,3000,20,flat,phase,send_with_receivers/arc_sender,1x16/1key_10000msg/u64,40.087,45.004,52.696,323
panic-fix-clone-sender,28331fd-dirty,local,current_thread_interleaving,1,500,3000,20,flat,phase,send_with_receivers/clone_sender,1x16/1key_10000msg/u64,45.221,50.996,57.933,323
panic-fix-clone-sender,28331fd-dirty,local,current_thread_interleaving,1,500,3000,20,flat,phase,send_with_receivers/guard_held,1x16/1key_10000msg/u64,39.008,45.950,52.121,323
panic-fix-clone-sender,28331fd-dirty,local,current_thread_interleaving,1,500,3000,20,flat,phase,send_with_receivers/rc_sender,1x16/1key_10000msg/u64,40.263,44.642,51.988,323
panic-fix-clone-sender,28331fd-dirty,local,current_thread_interleaving,1,500,3000,20,flat,phase,subscribe,1x16/1key_10000msg/u64,1770.875,1898.438,2299.500,323
panic-fix-clone-sender,28331fd-dirty,local,current_thread_interleaving,1,500,3000,20,flat,phase,create,4x4/10000key_1msg/DropValue,33.300,62.500,95.900,303
panic-fix-clone-sender,28331fd-dirty,local,current_thread_interleaving,1,500,3000,20,flat,phase,drop,4x4/10000key_1msg/DropValue,83.227,85.807,93.875,303
panic-fix-clone-sender,28331fd-dirty,local,current_thread_interleaving,1,500,3000,20,flat,phase,recv,4x4/10000key_1msg/DropValue,20.281,20.843,22.321,303
panic-fix-clone-sender,28331fd-dirty,local,current_thread_interleaving,1,500,3000,20,flat,phase,send_no_receivers,4x4/10000key_1msg/DropValue,16.337,17.208,21.067,303
panic-fix-clone-sender,28331fd-dirty,local,current_thread_interleaving,1,500,3000,20,flat,phase,send_with_receivers/arc_sender,4x4/10000key_1msg/DropValue,48.737,59.358,78.150,303
panic-fix-clone-sender,28331fd-dirty,local,current_thread_interleaving,1,500,3000,20,flat,phase,send_with_receivers/clone_sender,4x4/10000key_1msg/DropValue,51.796,61.438,81.392,303
panic-fix-clone-sender,28331fd-dirty,local,current_thread_interleaving,1,500,3000,20,flat,phase,send_with_receivers/guard_held,4x4/10000key_1msg/DropValue,46.587,57.221,73.717,303
panic-fix-clone-sender,28331fd-dirty,local,current_thread_interleaving,1,500,3000,20,flat,phase,send_with_receivers/rc_sender,4x4/10000key_1msg/DropValue,48.737,58.942,79.175,303
panic-fix-clone-sender,28331fd-dirty,local,current_thread_interleaving,1,500,3000,20,flat,phase,subscribe,4x4/10000key_1msg/DropValue,64.889,66.700,72.664,303
panic-fix-clone-sender,28331fd-dirty,local,current_thread_interleaving,1,500,3000,20,flat,phase,create,4x4/10000key_1msg/String,37.500,66.700,91.700,191
panic-fix-clone-sender,28331fd-dirty,local,current_thread_interleaving,1,500,3000,20,flat,phase,drop,4x4/10000key_1msg/String,85.076,87.747,93.627,191
panic-fix-clone-sender,28331fd-dirty,local,current_thread_interleaving,1,500,3000,20,flat,phase,recv,4x4/10000key_1msg/String,48.668,49.675,51.265,191
panic-fix-clone-sender,28331fd-dirty,local,current_thread_interleaving,1,500,3000,20,flat,phase,send_no_receivers,4x4/10000key_1msg/String,74.192,75.733,84.921,191
panic-fix-clone-sender,28331fd-dirty,local,current_thread_interleaving,1,500,3000,20,flat,phase,send_with_receivers/arc_sender,4x4/10000key_1msg/String,97.071,113.183,143.863,191
panic-fix-clone-sender,28331fd-dirty,local,current_thread_interleaving,1,500,3000,20,flat,phase,send_with_receivers/clone_sender,4x4/10000key_1msg/String,100.196,116.483,132.142,191
panic-fix-clone-sender,28331fd-dirty,local,current_thread_interleaving,1,500,3000,20,flat,phase,send_with_receivers/guard_held,4x4/10000key_1msg/String,94.654,111.558,137.125,191
panic-fix-clone-sender,28331fd-dirty,local,current_thread_interleaving,1,500,3000,20,flat,phase,send_with_receivers/rc_sender,4x4/10000key_1msg/String,96.954,112.954,134.221,191
panic-fix-clone-sender,28331fd-dirty,local,current_thread_interleaving,1,500,3000,20,flat,phase,subscribe,4x4/10000key_1msg/String,65.643,67.425,71.547,191
panic-fix-clone-sender,28331fd-dirty,local,current_thread_interleaving,1,500,3000,20,flat,phase,create,4x4/10000key_1msg/u64,33.300,62.500,91.700,323
panic-fix-clone-sender,28331fd-dirty,local,current_thread_interleaving,1,500,3000,20,flat,phase,drop,4x4/10000key_1msg/u64,82.740,86.480,94.935,323
panic-fix-clone-sender,28331fd-dirty,local,current_thread_interleaving,1,500,3000,20,flat,phase,recv,4x4/10000key_1msg/u64,16.357,17.030,18.663,323
panic-fix-clone-sender,28331fd-dirty,local,current_thread_interleaving,1,500,3000,20,flat,phase,send_no_receivers,4x4/10000key_1msg/u64,15.233,16.233,19.708,323
panic-fix-clone-sender,28331fd-dirty,local,current_thread_interleaving,1,500,3000,20,flat,phase,send_with_receivers/arc_sender,4x4/10000key_1msg/u64,48.362,60.212,78.708,323
panic-fix-clone-sender,28331fd-dirty,local,current_thread_interleaving,1,500,3000,20,flat,phase,send_with_receivers/clone_sender,4x4/10000key_1msg/u64,52.183,62.283,83.729,323
panic-fix-clone-sender,28331fd-dirty,local,current_thread_interleaving,1,500,3000,20,flat,phase,send_with_receivers/guard_held,4x4/10000key_1msg/u64,46.663,57.983,77.912,323
panic-fix-clone-sender,28331fd-dirty,local,current_thread_interleaving,1,500,3000,20,flat,phase,send_with_receivers/rc_sender,4x4/10000key_1msg/u64,48.450,60.558,79.771,323
panic-fix-clone-sender,28331fd-dirty,local,current_thread_interleaving,1,500,3000,20,flat,phase,subscribe,4x4/10000key_1msg/u64,65.311,68.094,74.434,323
panic-fix-clone-sender,28331fd-dirty,local,current_thread_interleaving,1,500,3000,20,flat,phase,create,4x4/1000key_10msg/DropValue,33.300,45.800,83.400,627
panic-fix-clone-sender,28331fd-dirty,local,current_thread_interleaving,1,500,3000,20,flat,phase,drop,4x4/1000key_10msg/DropValue,145.469,150.885,177.094,627
panic-fix-clone-sender,28331fd-dirty,local,current_thread_interleaving,1,500,3000,20,flat,phase,recv,4x4/1000key_10msg/DropValue,17.275,17.727,18.912,627
panic-fix-clone-sender,28331fd-dirty,local,current_thread_interleaving,1,500,3000,20,flat,phase,send_no_receivers,4x4/1000key_10msg/DropValue,13.071,14.213,16.137,627
panic-fix-clone-sender,28331fd-dirty,local,current_thread_interleaving,1,500,3000,20,flat,phase,send_with_receivers/arc_sender,4x4/1000key_10msg/DropValue,47.587,53.233,63.654,627
panic-fix-clone-sender,28331fd-dirty,local,current_thread_interleaving,1,500,3000,20,flat,phase,send_with_receivers/clone_sender,4x4/1000key_10msg/DropValue,50.596,55.862,69.308,627
panic-fix-clone-sender,28331fd-dirty,local,current_thread_interleaving,1,500,3000,20,flat,phase,send_with_receivers/guard_held,4x4/1000key_10msg/DropValue,44.942,51.067,64.058,627
panic-fix-clone-sender,28331fd-dirty,local,current_thread_interleaving,1,500,3000,20,flat,phase,send_with_receivers/rc_sender,4x4/1000key_10msg/DropValue,47.479,53.104,64.200,627
panic-fix-clone-sender,28331fd-dirty,local,current_thread_interleaving,1,500,3000,20,flat,phase,subscribe,4x4/1000key_10msg/DropValue,73.552,77.198,88.219,627
panic-fix-clone-sender,28331fd-dirty,local,current_thread_interleaving,1,500,3000,20,flat,phase,create,4x4/1000key_10msg/String,33.400,54.100,79.200,303
panic-fix-clone-sender,28331fd-dirty,local,current_thread_interleaving,1,500,3000,20,flat,phase,drop,4x4/1000key_10msg/String,145.583,150.438,169.875,303
panic-fix-clone-sender,28331fd-dirty,local,current_thread_interleaving,1,500,3000,20,flat,phase,recv,4x4/1000key_10msg/String,45.765,46.898,50.506,303
panic-fix-clone-sender,28331fd-dirty,local,current_thread_interleaving,1,500,3000,20,flat,phase,send_no_receivers,4x4/1000key_10msg/String,71.008,72.533,77.933,303
panic-fix-clone-sender,28331fd-dirty,local,current_thread_interleaving,1,500,3000,20,flat,phase,send_with_receivers/arc_sender,4x4/1000key_10msg/String,94.662,105.263,119.792,303
panic-fix-clone-sender,28331fd-dirty,local,current_thread_interleaving,1,500,3000,20,flat,phase,send_with_receivers/clone_sender,4x4/1000key_10msg/String,97.829,108.771,124.037,303
panic-fix-clone-sender,28331fd-dirty,local,current_thread_interleaving,1,500,3000,20,flat,phase,send_with_receivers/guard_held,4x4/1000key_10msg/String,91.458,102.900,125.142,303
panic-fix-clone-sender,28331fd-dirty,local,current_thread_interleaving,1,500,3000,20,flat,phase,send_with_receivers/rc_sender,4x4/1000key_10msg/String,94.292,104.963,119.967,303
panic-fix-clone-sender,28331fd-dirty,local,current_thread_interleaving,1,500,3000,20,flat,phase,subscribe,4x4/1000key_10msg/String,76.000,79.541,91.219,303
panic-fix-clone-sender,28331fd-dirty,local,current_thread_interleaving,1,500,3000,20,flat,phase,create,4x4/1000key_10msg/u64,33.300,41.700,62.500,667
panic-fix-clone-sender,28331fd-dirty,local,current_thread_interleaving,1,500,3000,20,flat,phase,drop,4x4/1000key_10msg/u64,140.354,143.875,162.427,667
panic-fix-clone-sender,28331fd-dirty,local,current_thread_interleaving,1,500,3000,20,flat,phase,recv,4x4/1000key_10msg/u64,15.381,15.754,16.361,667
panic-fix-clone-sender,28331fd-dirty,local,current_thread_interleaving,1,500,3000,20,flat,phase,send_no_receivers,4x4/1000key_10msg/u64,12.283,13.258,14.617,667
panic-fix-clone-sender,28331fd-dirty,local,current_thread_interleaving,1,500,3000,20,flat,phase,send_with_receivers/arc_sender,4x4/1000key_10msg/u64,47.233,52.438,59.004,667
panic-fix-clone-sender,28331fd-dirty,local,current_thread_interleaving,1,500,3000,20,flat,phase,send_with_receivers/clone_sender,4x4/1000key_10msg/u64,50.554,55.621,62.933,667
panic-fix-clone-sender,28331fd-dirty,local,current_thread_interleaving,1,500,3000,20,flat,phase,send_with_receivers/guard_held,4x4/1000key_10msg/u64,44.779,50.312,57.333,667
panic-fix-clone-sender,28331fd-dirty,local,current_thread_interleaving,1,500,3000,20,flat,phase,send_with_receivers/rc_sender,4x4/1000key_10msg/u64,47.458,52.754,59.138,667
panic-fix-clone-sender,28331fd-dirty,local,current_thread_interleaving,1,500,3000,20,flat,phase,subscribe,4x4/1000key_10msg/u64,73.771,76.396,84.427,667
panic-fix-clone-sender,28331fd-dirty,local,current_thread_interleaving,1,500,3000,20,flat,phase,create,4x4/100key_100msg/DropValue,29.200,41.700,75.000,727
panic-fix-clone-sender,28331fd-dirty,local,current_thread_interleaving,1,500,3000,20,flat,phase,drop,4x4/100key_100msg/DropValue,625.523,640.523,939.168,727
panic-fix-clone-sender,28331fd-dirty,local,current_thread_interleaving,1,500,3000,20,flat,phase,recv,4x4/100key_100msg/DropValue,16.272,16.661,18.905,727
panic-fix-clone-sender,28331fd-dirty,local,current_thread_interleaving,1,500,3000,20,flat,phase,send_no_receivers,4x4/100key_100msg/DropValue,14.529,18.279,20.629,727
panic-fix-clone-sender,28331fd-dirty,local,current_thread_interleaving,1,500,3000,20,flat,phase,send_with_receivers/arc_sender,4x4/100key_100msg/DropValue,42.725,46.379,57.779,727
panic-fix-clone-sender,28331fd-dirty,local,current_thread_interleaving,1,500,3000,20,flat,phase,send_with_receivers/clone_sender,4x4/100key_100msg/DropValue,46.483,50.583,60.729,727
panic-fix-clone-sender,28331fd-dirty,local,current_thread_interleaving,1,500,3000,20,flat,phase,send_with_receivers/guard_held,4x4/100key_100msg/DropValue,41.075,45.000,57.175,727
panic-fix-clone-sender,28331fd-dirty,local,current_thread_interleaving,1,500,3000,20,flat,phase,send_with_receivers/rc_sender,4x4/100key_100msg/DropValue,42.579,46.446,57.013,727
panic-fix-clone-sender,28331fd-dirty,local,current_thread_interleaving,1,500,3000,20,flat,phase,subscribe,4x4/100key_100msg/DropValue,119.062,125.832,156.457,727
panic-fix-clone-sender,28331fd-dirty,local,current_thread_interleaving,1,500,3000,20,flat,phase,create,4x4/100key_100msg/String,33.300,50.000,79.200,303
panic-fix-clone-sender,28331fd-dirty,local,current_thread_interleaving,1,500,3000,20,flat,phase,drop,4x4/100key_100msg/String,617.188,642.602,922.082,303
panic-fix-clone-sender,28331fd-dirty,local,current_thread_interleaving,1,500,3000,20,flat,phase,recv,4x4/100key_100msg/String,46.082,47.120,51.417,303
panic-fix-clone-sender,28331fd-dirty,local,current_thread_interleaving,1,500,3000,20,flat,phase,send_no_receivers,4x4/100key_100msg/String,73.796,84.533,94.125,303
panic-fix-clone-sender,28331fd-dirty,local,current_thread_interleaving,1,500,3000,20,flat,phase,send_with_receivers/arc_sender,4x4/100key_100msg/String,91.004,97.796,114.533,303
panic-fix-clone-sender,28331fd-dirty,local,current_thread_interleaving,1,500,3000,20,flat,phase,send_with_receivers/clone_sender,4x4/100key_100msg/String,94.333,100.933,118.154,303
panic-fix-clone-sender,28331fd-dirty,local,current_thread_interleaving,1,500,3000,20,flat,phase,send_with_receivers/guard_held,4x4/100key_100msg/String,88.454,95.537,112.821,303
panic-fix-clone-sender,28331fd-dirty,local,current_thread_interleaving,1,500,3000,20,flat,phase,send_with_receivers/rc_sender,4x4/100key_100msg/String,90.683,97.200,114.092,303
panic-fix-clone-sender,28331fd-dirty,local,current_thread_interleaving,1,500,3000,20,flat,phase,subscribe,4x4/100key_100msg/String,141.667,150.105,179.375,303
panic-fix-clone-sender,28331fd-dirty,local,current_thread_interleaving,1,500,3000,20,flat,phase,create,4x4/100key_100msg/u64,29.200,37.500,62.500,767
panic-fix-clone-sender,28331fd-dirty,local,current_thread_interleaving,1,500,3000,20,flat,phase,drop,4x4/100key_100msg/u64,583.020,596.145,871.355,767
panic-fix-clone-sender,28331fd-dirty,local,current_thread_interleaving,1,500,3000,20,flat,phase,recv,4x4/100key_100msg/u64,14.694,15.024,17.013,767
panic-fix-clone-sender,28331fd-dirty,local,current_thread_interleaving,1,500,3000,20,flat,phase,send_no_receivers,4x4/100key_100msg/u64,12.129,14.792,17.104,767
panic-fix-clone-sender,28331fd-dirty,local,current_thread_interleaving,1,500,3000,20,flat,phase,send_with_receivers/arc_sender,4x4/100key_100msg/u64,42.371,46.033,56.150,767
panic-fix-clone-sender,28331fd-dirty,local,current_thread_interleaving,1,500,3000,20,flat,phase,send_with_receivers/clone_sender,4x4/100key_100msg/u64,46.346,50.017,60.062,767
panic-fix-clone-sender,28331fd-dirty,local,current_thread_interleaving,1,500,3000,20,flat,phase,send_with_receivers/guard_held,4x4/100key_100msg/u64,40.804,44.504,54.942,767
panic-fix-clone-sender,28331fd-dirty,local,current_thread_interleaving,1,500,3000,20,flat,phase,send_with_receivers/rc_sender,4x4/100key_100msg/u64,42.300,45.979,56.492,767
panic-fix-clone-sender,28331fd-dirty,local,current_thread_interleaving,1,500,3000,20,flat,phase,subscribe,4x4/100key_100msg/u64,118.438,124.062,150.835,767
panic-fix-clone-sender,28331fd-dirty,local,current_thread_interleaving,1,500,3000,20,flat,phase,create,4x4/10key_1000msg/DropValue,33.300,41.700,83.300,727
panic-fix-clone-sender,28331fd-dirty,local,current_thread_interleaving,1,500,3000,20,flat,phase,drop,4x4/10key_1000msg/DropValue,4501.025,4661.450,8636.450,727
panic-fix-clone-sender,28331fd-dirty,local,current_thread_interleaving,1,500,3000,20,flat,phase,recv,4x4/10key_1000msg/DropValue,16.387,17.032,19.885,727
panic-fix-clone-sender,28331fd-dirty,local,current_thread_interleaving,1,500,3000,20,flat,phase,send_no_receivers,4x4/10key_1000msg/DropValue,12.004,12.904,16.658,727
panic-fix-clone-sender,28331fd-dirty,local,current_thread_interleaving,1,500,3000,20,flat,phase,send_with_receivers/arc_sender,4x4/10key_1000msg/DropValue,41.542,43.800,55.596,727
panic-fix-clone-sender,28331fd-dirty,local,current_thread_interleaving,1,500,3000,20,flat,phase,send_with_receivers/clone_sender,4x4/10key_1000msg/DropValue,46.054,48.246,58.900,727
panic-fix-clone-sender,28331fd-dirty,local,current_thread_interleaving,1,500,3000,20,flat,phase,send_with_receivers/guard_held,4x4/10key_1000msg/DropValue,39.871,43.079,54.575,727
panic-fix-clone-sender,28331fd-dirty,local,current_thread_interleaving,1,500,3000,20,flat,phase,send_with_receivers/rc_sender,4x4/10key_1000msg/DropValue,41.158,43.592,55.337,727
panic-fix-clone-sender,28331fd-dirty,local,current_thread_interleaving,1,500,3000,20,flat,phase,subscribe,4x4/10key_1000msg/DropValue,519.800,560.425,736.475,727
panic-fix-clone-sender,28331fd-dirty,local,current_thread_interleaving,1,500,3000,20,flat,phase,create,4x4/10key_1000msg/String,33.300,58.400,91.600,283
panic-fix-clone-sender,28331fd-dirty,local,current_thread_interleaving,1,500,3000,20,flat,phase,drop,4x4/10key_1000msg/String,4432.275,5081.250,12670.850,283
panic-fix-clone-sender,28331fd-dirty,local,current_thread_interleaving,1,500,3000,20,flat,phase,recv,4x4/10key_1000msg/String,46.221,50.155,57.492,283
panic-fix-clone-sender,28331fd-dirty,local,current_thread_interleaving,1,500,3000,20,flat,phase,send_no_receivers,4x4/10key_1000msg/String,69.392,73.892,83.767,283
panic-fix-clone-sender,28331fd-dirty,local,current_thread_interleaving,1,500,3000,20,flat,phase,send_with_receivers/arc_sender,4x4/10key_1000msg/String,91.204,96.817,115.892,283
panic-fix-clone-sender,28331fd-dirty,local,current_thread_interleaving,1,500,3000,20,flat,phase,send_with_receivers/clone_sender,4x4/10key_1000msg/String,94.287,100.546,121.467,283
panic-fix-clone-sender,28331fd-dirty,local,current_thread_interleaving,1,500,3000,20,flat,phase,send_with_receivers/guard_held,4x4/10key_1000msg/String,88.621,96.125,116.025,283
panic-fix-clone-sender,28331fd-dirty,local,current_thread_interleaving,1,500,3000,20,flat,phase,send_with_receivers/rc_sender,4x4/10key_1000msg/String,90.646,97.925,118.692,283
panic-fix-clone-sender,28331fd-dirty,local,current_thread_interleaving,1,500,3000,20,flat,phase,subscribe,4x4/10key_1000msg/String,711.450,798.975,969.800,283
panic-fix-clone-sender,28331fd-dirty,local,current_thread_interleaving,1,500,3000,20,flat,phase,create,4x4/10key_1000msg/u64,29.100,41.700,66.700,767
panic-fix-clone-sender,28331fd-dirty,local,current_thread_interleaving,1,500,3000,20,flat,phase,drop,4x4/10key_1000msg/u64,4183.325,4381.250,8782.300,767
panic-fix-clone-sender,28331fd-dirty,local,current_thread_interleaving,1,500,3000,20,flat,phase,recv,4x4/10key_1000msg/u64,14.804,15.433,18.630,767
panic-fix-clone-sender,28331fd-dirty,local,current_thread_interleaving,1,500,3000,20,flat,phase,send_no_receivers,4x4/10key_1000msg/u64,11.129,11.767,15.358,767
panic-fix-clone-sender,28331fd-dirty,local,current_thread_interleaving,1,500,3000,20,flat,phase,send_with_receivers/arc_sender,4x4/10key_1000msg/u64,41.038,43.454,54.108,767
panic-fix-clone-sender,28331fd-dirty,local,current_thread_interleaving,1,500,3000,20,flat,phase,send_with_receivers/clone_sender,4x4/10key_1000msg/u64,45.987,47.775,58.008,767
panic-fix-clone-sender,28331fd-dirty,local,current_thread_interleaving,1,500,3000,20,flat,phase,send_with_receivers/guard_held,4x4/10key_1000msg/u64,40.033,42.083,53.204,767
panic-fix-clone-sender,28331fd-dirty,local,current_thread_interleaving,1,500,3000,20,flat,phase,send_with_receivers/rc_sender,4x4/10key_1000msg/u64,41.263,43.383,54.075,767
panic-fix-clone-sender,28331fd-dirty,local,current_thread_interleaving,1,500,3000,20,flat,phase,subscribe,4x4/10key_1000msg/u64,523.950,559.375,777.075,767
panic-fix-clone-sender,28331fd-dirty,local,current_thread_interleaving,1,500,3000,20,flat,phase,create,4x4/1key_10000msg/DropValue,33.300,45.800,87.500,727
panic-fix-clone-sender,28331fd-dirty,local,current_thread_interleaving,1,500,3000,20,flat,phase,drop,4x4/1key_10000msg/DropValue,70479.250,71812.500,85364.750,727
panic-fix-clone-sender,28331fd-dirty,local,current_thread_interleaving,1,500,3000,20,flat,phase,recv,4x4/1key_10000msg/DropValue,16.281,16.831,18.078,727
panic-fix-clone-sender,28331fd-dirty,local,current_thread_interleaving,1,500,3000,20,flat,phase,send_no_receivers,4x4/1key_10000msg/DropValue,11.938,12.154,13.996,727
panic-fix-clone-sender,28331fd-dirty,local,current_thread_interleaving,1,500,3000,20,flat,phase,send_with_receivers/arc_sender,4x4/1key_10000msg/DropValue,40.546,46.996,56.875,727
panic-fix-clone-sender,28331fd-dirty,local,current_thread_interleaving,1,500,3000,20,flat,phase,send_with_receivers/clone_sender,4x4/1key_10000msg/DropValue,44.904,52.250,65.192,727
panic-fix-clone-sender,28331fd-dirty,local,current_thread_interleaving,1,500,3000,20,flat,phase,send_with_receivers/guard_held,4x4/1key_10000msg/DropValue,39.079,46.454,55.629,727
panic-fix-clone-sender,28331fd-dirty,local,current_thread_interleaving,1,500,3000,20,flat,phase,send_with_receivers/rc_sender,4x4/1key_10000msg/DropValue,40.475,47.904,56.450,727
panic-fix-clone-sender,28331fd-dirty,local,current_thread_interleaving,1,500,3000,20,flat,phase,subscribe,4x4/1key_10000msg/DropValue,6979.000,7458.500,9010.500,727
panic-fix-clone-sender,28331fd-dirty,local,current_thread_interleaving,1,500,3000,20,flat,phase,create,4x4/1key_10000msg/String,33.300,66.700,95.900,283
panic-fix-clone-sender,28331fd-dirty,local,current_thread_interleaving,1,500,3000,20,flat,phase,drop,4x4/1key_10000msg/String,69250.000,74864.500,87968.750,283
panic-fix-clone-sender,28331fd-dirty,local,current_thread_interleaving,1,500,3000,20,flat,phase,recv,4x4/1key_10000msg/String,46.039,47.946,54.904,283
panic-fix-clone-sender,28331fd-dirty,local,current_thread_interleaving,1,500,3000,20,flat,phase,send_no_receivers,4x4/1key_10000msg/String,69.350,72.308,82.079,283
panic-fix-clone-sender,28331fd-dirty,local,current_thread_interleaving,1,500,3000,20,flat,phase,send_with_receivers/arc_sender,4x4/1key_10000msg/String,91.604,102.575,134.550,283
panic-fix-clone-sender,28331fd-dirty,local,current_thread_interleaving,1,500,3000,20,flat,phase,send_with_receivers/clone_sender,4x4/1key_10000msg/String,93.638,117.537,144.300,283
panic-fix-clone-sender,28331fd-dirty,local,current_thread_interleaving,1,500,3000,20,flat,phase,send_with_receivers/guard_held,4x4/1key_10000msg/String,89.071,100.737,124.963,283
panic-fix-clone-sender,28331fd-dirty,local,current_thread_interleaving,1,500,3000,20,flat,phase,send_with_receivers/rc_sender,4x4/1key_10000msg/String,90.808,109.875,135.667,283
panic-fix-clone-sender,28331fd-dirty,local,current_thread_interleaving,1,500,3000,20,flat,phase,subscribe,4x4/1key_10000msg/String,10083.250,11010.500,12260.500,283
panic-fix-clone-sender,28331fd-dirty,local,current_thread_interleaving,1,500,3000,20,flat,phase,create,4x4/1key_10000msg/u64,33.300,50.000,75.000,747
panic-fix-clone-sender,28331fd-dirty,local,current_thread_interleaving,1,500,3000,20,flat,phase,drop,4x4/1key_10000msg/u64,65437.500,68364.500,79948.000,747
panic-fix-clone-sender,28331fd-dirty,local,current_thread_interleaving,1,500,3000,20,flat,phase,recv,4x4/1key_10000msg/u64,14.734,15.324,16.450,747
panic-fix-clone-sender,28331fd-dirty,local,current_thread_interleaving,1,500,3000,20,flat,phase,send_no_receivers,4x4/1key_10000msg/u64,11.121,11.537,13.537,747
panic-fix-clone-sender,28331fd-dirty,local,current_thread_interleaving,1,500,3000,20,flat,phase,send_with_receivers/arc_sender,4x4/1key_10000msg/u64,40.117,46.592,53.683,747
panic-fix-clone-sender,28331fd-dirty,local,current_thread_interleaving,1,500,3000,20,flat,phase,send_with_receivers/clone_sender,4x4/1key_10000msg/u64,45.087,51.237,59.150,747
panic-fix-clone-sender,28331fd-dirty,local,current_thread_interleaving,1,500,3000,20,flat,phase,send_with_receivers/guard_held,4x4/1key_10000msg/u64,38.883,45.321,53.825,747
panic-fix-clone-sender,28331fd-dirty,local,current_thread_interleaving,1,500,3000,20,flat,phase,send_with_receivers/rc_sender,4x4/1key_10000msg/u64,40.288,46.796,54.171,747
panic-fix-clone-sender,28331fd-dirty,local,current_thread_interleaving,1,500,3000,20,flat,phase,subscribe,4x4/1key_10000msg/u64,7021.000,7604.000,9239.750,747
